,Survived,Age,SibSp,Parch,Fare,Cabin,Pclass_2,Pclass_3,Sex_male,Embarked_Q,Embarked_S
0,0,0.041811517689900976,0.43255042804180416,-0.4734077245683853,-0.5021631365156045,0,0,1,1,0,1
1,1,0.041811517689900976,0.43255042804180416,-0.4734077245683853,0.7864036178345388,1,0,0,0,0,0
2,1,0.041811517689900976,-0.4742788222764252,-0.4734077245683853,-0.4885798515812602,0,0,1,0,0,1
3,1,0.041811517689900976,0.43255042804180416,-0.4734077245683853,0.4204940697654099,1,0,0,0,0,1
4,0,0.041811517689900976,-0.4742788222764252,-0.4734077245683853,-0.48606442844527054,0,0,1,1,0,1
5,0,0.041811517689900976,-0.4742788222764252,-0.4734077245683853,-0.47784805031387384,0,0,1,1,1,0
6,0,0.041811517689900976,-0.4742788222764252,-0.4734077245683853,0.39559138071911193,1,0,0,1,0,1
7,0,0.041811517689900976,2.246208928678263,0.7671989889328833,-0.223957337675146,0,0,1,1,0,1
8,1,0.041811517689900976,-0.4742788222764252,2.007805702434152,-0.42401799520369476,0,0,1,0,0,1
9,1,0.041811517689900976,0.43255042804180416,-0.4734077245683853,-0.04293139010125837,0,1,0,0,0,0
10,1,0.041811517689900976,0.43255042804180416,0.7671989889328833,-0.3119971474347848,1,0,1,0,0,1
11,1,0.041811517689900976,-0.4742788222764252,-0.4734077245683853,-0.11378180431879803,1,0,0,0,0,1
12,0,0.041811517689900976,-0.4742788222764252,-0.4734077245683853,-0.48606442844527054,0,0,1,1,0,1
13,0,0.041811517689900976,0.43255042804180416,5.729625842937959,-0.018698809778388194,0,0,1,1,0,1
14,0,0.041811517689900976,-0.4742788222764252,-0.4734077245683853,-0.49000458724548485,0,0,1,0,0,1
15,1,0.041811517689900976,-0.4742788222764252,-0.4734077245683853,-0.326083516996327,0,1,0,0,0,1
16,0,0.041811517689900976,3.1530381789964923,0.7671989889328833,-0.061964087717410646,0,0,1,1,1,0
17,1,0.041811517689900976,-0.4742788222764252,-0.4734077245683853,-0.38645367226007926,0,1,0,1,0,1
18,0,0.041811517689900976,0.43255042804180416,-0.4734077245683853,-0.2858367468204921,0,0,1,0,0,1
19,1,0.041811517689900976,-0.4742788222764252,-0.4734077245683853,-0.5026662211428025,0,0,1,0,0,0
20,0,0.041811517689900976,-0.4742788222764252,-0.4734077245683853,-0.12484966611715263,0,1,0,1,0,1
21,1,0.041811517689900976,-0.4742788222764252,-0.4734077245683853,-0.38645367226007926,1,1,0,1,0,1
22,1,0.041811517689900976,-0.4742788222764252,-0.4734077245683853,-0.48648299485509927,0,0,1,0,1,0
23,1,0.041811517689900976,-0.4742788222764252,-0.4734077245683853,0.066322492218063,1,0,0,1,0,1
24,0,0.041811517689900976,2.246208928678263,0.7671989889328833,-0.223957337675146,0,0,1,0,0,1
25,1,0.041811517689900976,0.43255042804180416,5.729625842937959,-0.016434928955997467,0,0,1,0,0,1
26,0,0.041811517689900976,-0.4742788222764252,-0.4734077245683853,-0.5026662211428025,0,0,1,1,0,0
27,0,0.041811517689900976,2.246208928678263,2.007805702434152,4.644392599719279,1,0,0,1,0,1
28,1,0.041811517689900976,-0.4742788222764252,-0.4734077245683853,-0.48950150261828684,0,0,1,0,1,0
29,0,0.041811517689900976,-0.4742788222764252,-0.4734077245683853,-0.48916745442582743,0,0,1,1,0,1
30,0,0.041811517689900976,-0.4742788222764252,-0.4734077245683853,-0.09022134505786429,0,0,0,1,0,0
31,1,0.041811517689900976,0.43255042804180416,-0.4734077245683853,2.3004368033867273,1,0,0,0,0,0
32,1,0.041811517689900976,-0.4742788222764252,-0.4734077245683853,-0.4921014439716458,0,0,1,0,1,0
33,0,0.041811517689900976,-0.4742788222764252,-0.4734077245683853,-0.4367621349798729,0,1,0,1,0,1
34,0,0.041811517689900976,0.43255042804180416,-0.4734077245683853,1.00549697297924,0,0,0,1,0,0
35,0,0.041811517689900976,0.43255042804180416,-0.4734077245683853,0.39835834616870064,0,0,0,1,0,1
36,1,0.041811517689900976,-0.4742788222764252,-0.4734077245683853,-0.5025817029254332,0,0,1,1,0,0
37,0,0.041811517689900976,-0.4742788222764252,-0.4734077245683853,-0.48606442844527054,0,0,1,1,0,1
38,0,0.041811517689900976,1.3393796783600334,-0.4734077245683853,-0.2858367468204921,0,0,1,0,0,1
39,1,0.041811517689900976,0.43255042804180416,-0.4734077245683853,-0.42183662026016444,0,0,1,0,0,0
40,0,0.041811517689900976,0.43255042804180416,-0.4734077245683853,-0.4573886046949882,0,0,1,0,0,1
41,0,0.041811517689900976,0.43255042804180416,-0.4734077245683853,-0.2254665915567398,0,1,0,0,0,1
42,0,0.041811517689900976,-0.4742788222764252,-0.4734077245683853,-0.48916745442582743,0,0,1,1,0,0
43,1,0.041811517689900976,0.43255042804180416,2.007805702434152,0.18865657484453066,0,1,0,0,0,0
44,1,0.041811517689900976,-0.4742788222764252,-0.4734077245683853,-0.48950150261828684,0,0,1,0,1,0
45,0,0.041811517689900976,-0.4742788222764252,-0.4734077245683853,-0.48606442844527054,0,0,1,1,0,1
46,0,0.041811517689900976,0.43255042804180416,-0.4734077245683853,-0.3361452095402857,0,0,1,1,1,0
47,1,0.041811517689900976,-0.4742788222764252,-0.4734077245683853,-0.4921014439716458,0,0,1,0,1,0
48,0,0.041811517689900976,1.3393796783600334,-0.4734077245683853,-0.21179878840502625,0,0,1,1,0,0
49,0,0.041811517689900976,0.43255042804180416,-0.4734077245683853,-0.28986142383807556,0,0,1,0,0,1
50,0,0.041811517689900976,3.1530381789964923,0.7671989889328833,0.15058916727371724,0,0,1,1,0,1
51,0,0.041811517689900976,-0.4742788222764252,-0.4734077245683853,-0.4910952747172499,0,0,1,1,0,1
52,1,0.041811517689900976,0.43255042804180416,-0.4734077245683853,0.8959935606848286,1,0,0,0,0,0
53,1,0.041811517689900976,0.43255042804180416,-0.4734077245683853,-0.12484966611715263,0,1,0,0,0,1
54,0,0.041811517689900976,-0.4742788222764252,0.7671989889328833,0.5991736306380463,1,0,0,1,0,0
55,1,0.041811517689900976,-0.4742788222764252,-0.4734077245683853,0.066322492218063,1,0,0,1,0,1
56,1,0.041811517689900976,-0.4742788222764252,-0.4734077245683853,-0.4367621349798729,0,1,0,0,0,1
57,0,0.041811517689900976,-0.4742788222764252,-0.4734077245683853,-0.5025817029254332,0,0,1,1,0,0
58,1,0.041811517689900976,0.43255042804180416,2.007805702434152,-0.08963374221329712,0,1,0,0,0,1
59,0,0.041811517689900976,4.059867429314721,2.007805702434152,0.29572908222032174,0,0,1,1,0,1
60,0,0.041811517689900976,-0.4742788222764252,-0.4734077245683853,-0.5025817029254332,0,0,1,1,0,0
61,1,0.041811517689900976,-0.4742788222764252,-0.4734077245683853,0.9618131286303888,1,0,0,0,0,0
62,0,0.041811517689900976,0.43255042804180416,-0.4734077245683853,1.0317418918109018,1,0,0,1,0,1
63,0,0.041811517689900976,2.246208928678263,2.007805702434152,-0.08661523445010953,0,0,1,1,0,1
64,0,0.041811517689900976,-0.4742788222764252,-0.4734077245683853,-0.09022134505786429,0,0,0,1,0,0
65,1,0.041811517689900976,0.43255042804180416,0.7671989889328833,-0.34126057402963433,0,0,1,1,0,0
66,1,0.041811517689900976,-0.4742788222764252,-0.4734077245683853,-0.4367621349798729,1,1,0,0,0,1
67,0,0.041811517689900976,-0.4742788222764252,-0.4734077245683853,-0.4838850658402491,0,0,1,1,0,1
68,1,0.041811517689900976,3.1530381789964923,2.007805702434152,-0.4885798515812602,0,0,1,0,0,1
69,0,0.041811517689900976,1.3393796783600334,-0.4734077245683853,-0.4737388550789211,0,0,1,1,0,1
70,0,0.041811517689900976,-0.4742788222764252,-0.4734077245683853,-0.4367621349798729,0,1,0,1,0,1
71,0,0.041811517689900976,4.059867429314721,2.007805702434152,0.29572908222032174,0,0,1,0,0,1
72,0,0.041811517689900976,-0.4742788222764252,-0.4734077245683853,0.8310111255589255,0,1,0,1,0,1
73,0,0.041811517689900976,0.43255042804180416,-0.4734077245683853,-0.3571902456652297,0,0,1,1,0,0
74,1,0.041811517689900976,-0.4742788222764252,-0.4734077245683853,0.48882906084695993,0,0,1,1,0,1
75,0,0.041811517689900976,-0.4742788222764252,-0.4734077245683853,-0.4941137824804376,1,0,1,1,0,1
76,0,0.041811517689900976,-0.4742788222764252,-0.4734077245683853,-0.48916745442582743,0,0,1,1,0,1
77,0,0.041811517689900976,-0.4742788222764252,-0.4734077245683853,-0.48606442844527054,0,0,1,1,0,1
78,1,0.041811517689900976,-0.4742788222764252,2.007805702434152,-0.06447951085340033,0,1,0,1,0,1
79,1,0.041811517689900976,-0.4742788222764252,-0.4734077245683853,-0.3970184494312359,0,0,1,0,0,1
80,0,0.041811517689900976,-0.4742788222764252,-0.4734077245683853,-0.466947212611749,0,0,1,1,0,1
81,1,0.041811517689900976,-0.4742788222764252,-0.4734077245683853,-0.4568855200677903,0,0,1,1,0,1
82,1,0.041811517689900976,-0.4742788222764252,-0.4734077245683853,-0.49134681703084887,0,0,1,0,1,0
83,0,0.041811517689900976,-0.4742788222764252,-0.4734077245683853,0.29975375923790526,0,0,0,1,0,1
84,1,0.041811517689900976,-0.4742788222764252,-0.4734077245683853,-0.4367621349798729,0,1,0,0,0,1
85,1,0.041811517689900976,2.246208928678263,-0.4734077245683853,-0.32910202475951456,0,0,1,0,0,1
86,0,0.041811517689900976,0.43255042804180416,3.2484124159354204,0.043683683994155884,0,0,1,1,0,1
87,0,0.041811517689900976,-0.4742788222764252,-0.4734077245683853,-0.48606442844527054,0,0,1,1,0,1
88,1,0.041811517689900976,2.246208928678263,2.007805702434152,4.644392599719279,1,0,0,0,0,1
89,0,0.041811517689900976,-0.4742788222764252,-0.4734077245683853,-0.48606442844527054,0,0,1,1,0,1
90,0,0.041811517689900976,-0.4742788222764252,-0.4734077245683853,-0.48606442844527054,0,0,1,1,0,1
91,0,0.041811517689900976,-0.4742788222764252,-0.4734077245683853,-0.49000458724548485,0,0,1,1,0,1
92,0,0.041811517689900976,0.43255042804180416,-0.4734077245683853,0.5829904043503431,1,0,0,1,0,1
93,0,0.041811517689900976,0.43255042804180416,2.007805702434152,-0.23401903021910472,0,0,1,1,0,1
94,0,0.041811517689900976,-0.4742788222764252,-0.4734077245683853,-0.5021631365156045,0,0,1,1,0,1
95,0,0.041811517689900976,-0.4742788222764252,-0.4734077245683853,-0.48606442844527054,0,0,1,1,0,1
96,0,0.041811517689900976,-0.4742788222764252,-0.4734077245683853,0.04930213311070249,1,0,0,1,0,0
97,1,0.041811517689900976,-0.4742788222764252,0.7671989889328833,0.6269257910127932,1,0,0,1,0,0
98,1,0.041811517689900976,-0.4742788222764252,0.7671989889328833,-0.18521982138090493,0,1,0,0,0,1
99,0,0.041811517689900976,0.43255042804180416,-0.4734077245683853,-0.12484966611715263,0,1,0,1,0,1
100,0,0.041811517689900976,-0.4742788222764252,-0.4734077245683853,-0.48916745442582743,0,0,1,0,0,1
101,0,0.041811517689900976,-0.4742788222764252,-0.4734077245683853,-0.48916745442582743,0,0,1,1,0,1
102,0,0.041811517689900976,-0.4742788222764252,0.7671989889328833,0.9072284465794127,1,0,0,1,0,1
103,0,0.041811517689900976,-0.4742788222764252,-0.4734077245683853,-0.47390587917515087,0,0,1,1,0,1
104,0,0.041811517689900976,1.3393796783600334,-0.4734077245683853,-0.4885798515812602,0,0,1,1,0,1
105,0,0.041811517689900976,-0.4742788222764252,-0.4734077245683853,-0.48916745442582743,0,0,1,1,0,1
106,1,0.041811517689900976,-0.4742788222764252,-0.4734077245683853,-0.4941137824804376,0,0,1,0,0,1
107,1,0.041811517689900976,-0.4742788222764252,-0.4734077245683853,-0.4915983593444479,0,0,1,1,0,1
108,0,0.041811517689900976,-0.4742788222764252,-0.4734077245683853,-0.48916745442582743,0,0,1,1,0,1
109,1,0.041811517689900976,0.43255042804180416,-0.4734077245683853,-0.1620779285297999,0,0,1,0,1,0
110,0,0.041811517689900976,-0.4742788222764252,-0.4734077245683853,0.39835834616870064,1,0,0,1,0,1
111,0,0.041811517689900976,0.43255042804180416,-0.4734077245683853,-0.3571902456652297,0,0,1,0,0,0
112,0,0.041811517689900976,-0.4742788222764252,-0.4734077245683853,-0.48606442844527054,0,0,1,1,0,1
113,0,0.041811517689900976,0.43255042804180416,-0.4734077245683853,-0.4503454199142171,0,0,1,0,0,1
114,0,0.041811517689900976,-0.4742788222764252,-0.4734077245683853,-0.3571077397863693,0,0,1,0,0,0
115,0,0.041811517689900976,-0.4742788222764252,-0.4734077245683853,-0.4885798515812602,0,0,1,1,0,1
116,0,0.041811517689900976,-0.4742788222764252,-0.4734077245683853,-0.4921014439716458,0,0,1,1,1,0
117,0,0.041811517689900976,0.43255042804180416,-0.4734077245683853,-0.2254665915567398,0,1,0,1,0,1
118,0,0.041811517689900976,-0.4742788222764252,0.7671989889328833,4.332898697266388,1,0,0,1,0,0
119,0,0.041811517689900976,3.1530381789964923,2.007805702434152,-0.018698809778388194,0,0,1,0,0,1
120,0,0.041811517689900976,1.3393796783600334,-0.4734077245683853,0.8310111255589255,0,1,0,1,0,1
121,0,0.041811517689900976,-0.4742788222764252,-0.4734077245683853,-0.48606442844527054,0,0,1,1,0,1
122,0,0.041811517689900976,0.43255042804180416,-0.4734077245683853,-0.04293139010125837,0,1,0,1,0,0
123,1,0.041811517689900976,-0.4742788222764252,-0.4734077245683853,-0.38645367226007926,1,1,0,0,0,1
124,0,0.041811517689900976,-0.4742788222764252,0.7671989889328833,0.9072284465794127,1,0,0,1,0,1
125,1,0.041811517689900976,0.43255042804180416,-0.4734077245683853,-0.42183662026016444,0,0,1,1,0,0
126,0,0.041811517689900976,-0.4742788222764252,-0.4734077245683853,-0.4921014439716458,0,0,1,1,1,0
127,1,0.041811517689900976,-0.4742788222764252,-0.4734077245683853,-0.504342499120626,0,0,1,1,0,1
128,1,0.041811517689900976,0.43255042804180416,0.7671989889328833,-0.19813299759182154,1,0,1,0,0,0
129,0,0.041811517689900976,-0.4742788222764252,-0.4734077245683853,-0.5076970674147818,0,0,1,1,0,1
130,0,0.041811517689900976,-0.4742788222764252,-0.4734077245683853,-0.48916745442582743,0,0,1,1,0,0
131,0,0.041811517689900976,-0.4742788222764252,-0.4734077245683853,-0.506187813533188,0,0,1,1,0,1
132,0,0.041811517689900976,0.43255042804180416,-0.4734077245683853,-0.35626859462820315,0,0,1,0,0,1
133,1,0.041811517689900976,0.43255042804180416,-0.4734077245683853,-0.12484966611715263,0,1,0,0,0,1
134,0,0.041811517689900976,-0.4742788222764252,-0.4734077245683853,-0.38645367226007926,0,1,0,1,0,1
135,0,0.041811517689900976,-0.4742788222764252,-0.4734077245683853,-0.3452852510472178,0,1,0,1,0,0
136,1,0.041811517689900976,-0.4742788222764252,2.007805702434152,-0.1191487111217456,1,0,0,0,0,1
137,0,0.041811517689900976,0.43255042804180416,-0.4734077245683853,0.4204940697654099,1,0,0,1,0,1
138,0,0.041811517689900976,-0.4742788222764252,-0.4734077245683853,-0.46258647506319733,0,0,1,1,0,1
139,0,0.041811517689900976,-0.4742788222764252,-0.4734077245683853,0.945714420560055,1,0,0,1,0,0
140,0,0.041811517689900976,-0.4742788222764252,2.007805702434152,-0.34126057402963433,0,0,1,0,0,0
141,1,0.041811517689900976,-0.4742788222764252,-0.4734077245683853,-0.4921014439716458,0,0,1,0,0,1
142,1,0.041811517689900976,0.43255042804180416,-0.4734077245683853,-0.32910202475951456,0,0,1,0,0,1
143,0,0.041811517689900976,-0.4742788222764252,-0.4734077245683853,-0.5122248290595632,0,0,1,1,1,0
144,0,0.041811517689900976,-0.4742788222764252,-0.4734077245683853,-0.41663874989195543,0,1,0,1,0,1
145,0,0.041811517689900976,0.43255042804180416,0.7671989889328833,0.09147672357795979,0,1,0,1,0,1
146,1,0.041811517689900976,-0.4742788222764252,-0.4734077245683853,-0.49117979293461916,0,0,1,1,0,1
147,0,0.041811517689900976,1.3393796783600334,2.007805702434152,0.043683683994155884,0,0,1,0,0,1
148,0,0.041811517689900976,-0.4742788222764252,2.007805702434152,-0.12484966611715263,1,1,0,1,0,1
149,0,0.041811517689900976,-0.4742788222764252,-0.4734077245683853,-0.38645367226007926,0,1,0,1,0,1
150,0,0.041811517689900976,-0.4742788222764252,-0.4734077245683853,-0.3960122801768401,0,1,0,1,0,1
151,1,0.041811517689900976,0.43255042804180416,-0.4734077245683853,0.6921597684522951,1,0,0,0,0,1
152,0,0.041811517689900976,-0.4742788222764252,-0.4734077245683853,-0.48606442844527054,0,0,1,1,0,1
153,0,0.041811517689900976,-0.4742788222764252,2.007805702434152,-0.35626859462820315,0,0,1,1,0,1
154,0,0.041811517689900976,-0.4742788222764252,-0.4734077245683853,-0.5009054249476097,0,0,1,1,0,1
155,0,0.041811517689900976,-0.4742788222764252,0.7671989889328833,0.5870995995852958,0,0,0,1,0,0
156,1,0.041811517689900976,-0.4742788222764252,-0.4734077245683853,-0.49243750450261403,0,0,1,0,1,0
157,0,0.041811517689900976,-0.4742788222764252,-0.4734077245683853,-0.48606442844527054,0,0,1,1,0,1
158,0,0.041811517689900976,-0.4742788222764252,-0.4734077245683853,-0.4737388550789211,0,0,1,1,0,1
159,0,0.041811517689900976,6.780355180269409,2.007805702434152,0.7515237544616515,0,0,1,1,0,1
160,0,0.041811517689900976,-0.4742788222764252,0.7671989889328833,-0.3240711784875352,0,0,1,1,0,1
161,1,0.041811517689900976,-0.4742788222764252,-0.4734077245683853,-0.33111436326830634,0,1,0,0,0,1
162,0,0.041811517689900976,-0.4742788222764252,-0.4734077245683853,-0.4915983593444479,0,0,1,1,0,1
163,0,0.041811517689900976,-0.4742788222764252,-0.4734077245683853,-0.4737388550789211,0,0,1,1,0,1
164,0,0.041811517689900976,3.1530381789964923,0.7671989889328833,0.15058916727371724,0,0,1,1,0,1
165,1,0.041811517689900976,-0.4742788222764252,2.007805702434152,-0.23502519947350062,0,0,1,1,0,1
166,1,0.041811517689900976,-0.4742788222764252,0.7671989889328833,0.458728501432453,1,0,0,0,0,1
167,0,0.041811517689900976,0.43255042804180416,4.48901912943669,-0.08661523445010953,0,0,1,0,0,1
168,0,0.041811517689900976,-0.4742788222764252,-0.4734077245683853,-0.12635891999874643,0,0,0,1,0,1
169,0,0.041811517689900976,-0.4742788222764252,-0.4734077245683853,0.48882906084695993,0,0,1,1,0,1
170,0,0.041811517689900976,-0.4742788222764252,-0.4734077245683853,0.026075722042228126,1,0,0,1,0,1
171,0,0.041811517689900976,3.1530381789964923,0.7671989889328833,-0.061964087717410646,0,0,1,1,1,0
172,1,0.041811517689900976,0.43255042804180416,0.7671989889328833,-0.42401799520369476,0,0,1,0,0,1
173,0,0.041811517689900976,-0.4742788222764252,-0.4734077245683853,-0.4885798515812602,0,0,1,1,0,1
174,0,0.041811517689900976,-0.4742788222764252,-0.4734077245683853,-0.030354274421309974,1,0,0,1,0,0
175,0,0.041811517689900976,0.43255042804180416,0.7671989889328833,-0.49000458724548485,0,0,1,1,0,1
176,0,0.041811517689900976,2.246208928678263,0.7671989889328833,-0.135581467384539,0,0,1,1,0,1
177,0,0.041811517689900976,-0.4742788222764252,-0.4734077245683853,-0.07026498406617662,1,0,0,0,0,0
178,0,0.041811517689900976,-0.4742788222764252,-0.4734077245683853,-0.38645367226007926,0,1,0,1,0,1
179,0,0.041811517689900976,-0.4742788222764252,-0.4734077245683853,-0.6480576784030059,0,0,1,1,0,1
180,0,0.041811517689900976,6.780355180269409,2.007805702434152,0.7515237544616515,0,0,1,0,0,1
181,0,0.041811517689900976,-0.4742788222764252,-0.4734077245683853,-0.34520073282984853,0,1,0,1,0,0
182,0,0.041811517689900976,3.1530381789964923,2.007805702434152,-0.016434928955997467,0,0,1,1,0,1
183,1,0.041811517689900976,1.3393796783600334,0.7671989889328833,0.13675434002577402,1,1,0,1,0,1
184,1,0.041811517689900976,-0.4742788222764252,2.007805702434152,-0.20484012184162445,0,0,1,0,0,1
185,0,0.041811517689900976,-0.4742788222764252,-0.4734077245683853,0.3581115759928658,1,0,0,1,0,1
186,1,0.041811517689900976,0.43255042804180416,-0.4734077245683853,-0.3361452095402857,0,0,1,0,1,0
187,1,0.041811517689900976,-0.4742788222764252,-0.4734077245683853,-0.11378180431879803,0,0,0,1,0,1
188,0,0.041811517689900976,0.43255042804180416,0.7671989889328833,-0.3361452095402857,0,0,1,1,1,0
189,0,0.041811517689900976,-0.4742788222764252,-0.4734077245683853,-0.48916745442582743,0,0,1,1,0,1
190,1,0.041811517689900976,-0.4742788222764252,-0.4734077245683853,-0.38645367226007926,0,1,0,0,0,1
191,0,0.041811517689900976,-0.4742788222764252,-0.4734077245683853,-0.38645367226007926,0,1,0,1,0,1
192,1,0.041811517689900976,0.43255042804180416,-0.4734077245683853,-0.49000458724548485,0,0,1,0,0,1
193,1,0.041811517689900976,0.43255042804180416,0.7671989889328833,-0.12484966611715263,1,1,0,1,0,1
194,1,0.041811517689900976,-0.4742788222764252,-0.4734077245683853,-0.09022134505786429,1,0,0,0,0,0
195,1,0.041811517689900976,-0.4742788222764252,-0.4734077245683853,2.3004368033867273,1,0,0,0,0,0
196,0,0.041811517689900976,-0.4742788222764252,-0.4734077245683853,-0.4921014439716458,0,0,1,1,1,0
197,0,0.041811517689900976,-0.4742788222764252,0.7671989889328833,-0.47893672544713023,0,0,1,1,0,1
198,1,0.041811517689900976,-0.4742788222764252,-0.4734077245683853,-0.4921014439716458,0,0,1,0,1,0
199,0,0.041811517689900976,-0.4742788222764252,-0.4734077245683853,-0.38645367226007926,0,1,0,0,0,1
200,0,0.041811517689900976,-0.4742788222764252,-0.4734077245683853,-0.4568855200677903,0,0,1,1,0,1
201,0,0.041811517689900976,6.780355180269409,2.007805702434152,0.7515237544616515,0,0,1,1,0,1
202,0,0.041811517689900976,-0.4742788222764252,-0.4734077245683853,-0.5173401935489119,0,0,1,1,0,1
203,0,0.041811517689900976,-0.4742788222764252,-0.4734077245683853,-0.5026662211428025,0,0,1,1,0,0
204,1,0.041811517689900976,-0.4742788222764252,-0.4734077245683853,-0.48606442844527054,0,0,1,1,0,1
205,0,0.041811517689900976,-0.4742788222764252,0.7671989889328833,-0.4375167619206698,1,0,1,0,0,1
206,0,0.041811517689900976,0.43255042804180416,-0.4734077245683853,-0.32910202475951456,0,0,1,1,0,1
207,1,0.041811517689900976,-0.4742788222764252,-0.4734077245683853,-0.2699895810637571,0,0,1,1,0,0
208,1,0.041811517689900976,-0.4742788222764252,-0.4734077245683853,-0.4921014439716458,0,0,1,0,1,0
209,1,0.041811517689900976,-0.4742788222764252,-0.4734077245683853,-0.024232740677565458,1,0,0,1,0,0
210,0,0.041811517689900976,-0.4742788222764252,-0.4734077245683853,-0.506187813533188,0,0,1,1,0,1
211,1,0.041811517689900976,-0.4742788222764252,-0.4734077245683853,-0.2254665915567398,0,1,0,0,0,1
212,0,0.041811517689900976,-0.4742788222764252,-0.4734077245683853,-0.5021631365156045,0,0,1,1,0,1
213,0,0.041811517689900976,-0.4742788222764252,-0.4734077245683853,-0.38645367226007926,0,1,0,1,0,1
214,0,0.041811517689900976,0.43255042804180416,-0.4734077245683853,-0.4921014439716458,0,0,1,1,1,0
215,1,0.041811517689900976,0.43255042804180416,-0.4734077245683853,1.6314187674308418,1,0,0,0,0,0
216,1,0.041811517689900976,-0.4742788222764252,-0.4734077245683853,-0.4885798515812602,0,0,1,0,0,1
217,0,0.041811517689900976,0.43255042804180416,-0.4734077245683853,-0.1047262810292352,0,1,0,1,0,1
218,1,0.041811517689900976,-0.4742788222764252,-0.4734077245683853,0.8871895797088647,1,0,0,0,0,0
219,0,0.041811517689900976,-0.4742788222764252,-0.4734077245683853,-0.4367621349798729,0,1,0,1,0,1
220,1,0.041811517689900976,-0.4742788222764252,-0.4734077245683853,-0.48606442844527054,0,0,1,1,0,1
221,0,0.041811517689900976,-0.4742788222764252,-0.4734077245683853,-0.38645367226007926,0,1,0,1,0,1
222,0,0.041811517689900976,-0.4742788222764252,-0.4734077245683853,-0.48606442844527054,0,0,1,1,0,1
223,0,0.041811517689900976,-0.4742788222764252,-0.4734077245683853,-0.48916745442582743,0,0,1,1,0,1
224,1,0.041811517689900976,0.43255042804180416,-0.4734077245683853,1.1630469795095633,1,0,0,1,0,1
225,0,0.041811517689900976,-0.4742788222764252,-0.4734077245683853,-0.4599040278309779,0,0,1,1,0,1
226,1,0.041811517689900976,-0.4742788222764252,-0.4734077245683853,-0.4367621349798729,0,1,0,1,0,1
227,0,0.041811517689900976,-0.4742788222764252,-0.4734077245683853,-0.5021631365156045,0,0,1,1,0,1
228,0,0.041811517689900976,-0.4742788222764252,-0.4734077245683853,-0.38645367226007926,0,1,0,1,0,1
229,0,0.041811517689900976,2.246208928678263,0.7671989889328833,-0.135581467384539,0,0,1,0,0,1
230,1,0.041811517689900976,0.43255042804180416,-0.4734077245683853,1.0317418918109018,1,0,0,0,0,1
231,0,0.041811517689900976,-0.4742788222764252,-0.4734077245683853,-0.4915983593444479,0,0,1,1,0,1
232,0,0.041811517689900976,-0.4742788222764252,-0.4734077245683853,-0.37639197971612054,0,1,0,1,0,1
233,1,0.041811517689900976,3.1530381789964923,2.007805702434152,-0.016434928955997467,0,0,1,0,0,1
234,0,0.041811517689900976,-0.4742788222764252,-0.4734077245683853,-0.4367621349798729,0,1,0,1,0,1
235,0,0.041811517689900976,-0.4742788222764252,-0.4734077245683853,-0.49612612098922926,0,0,1,0,0,1
236,0,0.041811517689900976,0.43255042804180416,-0.4734077245683853,-0.12484966611715263,0,1,0,1,0,1
237,1,0.041811517689900976,-0.4742788222764252,2.007805702434152,-0.11981881984517327,0,1,0,0,0,1
238,0,0.041811517689900976,-0.4742788222764252,-0.4734077245683853,-0.4367621349798729,0,1,0,1,0,1
239,0,0.041811517689900976,-0.4742788222764252,-0.4734077245683853,-0.40104312644881945,0,1,0,1,0,1
240,0,0.041811517689900976,0.43255042804180416,-0.4734077245683853,-0.3571902456652297,0,0,1,0,0,0
241,1,0.041811517689900976,0.43255042804180416,-0.4734077245683853,-0.3361452095402857,0,0,1,0,1,0
242,0,0.041811517689900976,-0.4742788222764252,-0.4734077245683853,-0.4367621349798729,0,1,0,1,0,1
243,0,0.041811517689900976,-0.4742788222764252,-0.4734077245683853,-0.5046785596515942,0,0,1,1,0,1
244,0,0.041811517689900976,-0.4742788222764252,-0.4734077245683853,-0.5026662211428025,0,0,1,1,0,0
245,0,0.041811517689900976,1.3393796783600334,-0.4734077245683853,1.1630469795095633,1,0,0,1,1,0
246,0,0.041811517689900976,-0.4742788222764252,-0.4734077245683853,-0.4915983593444479,0,0,1,0,0,1
247,1,0.041811517689900976,-0.4742788222764252,2.007805702434152,-0.35626859462820315,0,1,0,0,0,1
248,1,0.041811517689900976,0.43255042804180416,0.7671989889328833,0.4095107261844245,1,0,0,1,0,1
249,0,0.041811517689900976,0.43255042804180416,-0.4734077245683853,-0.12484966611715263,0,1,0,1,0,1
250,0,0.041811517689900976,-0.4742788222764252,-0.4734077245683853,-0.5021631365156045,0,0,1,1,0,1
251,0,0.041811517689900976,0.43255042804180416,0.7671989889328833,-0.4375167619206698,1,0,1,0,0,1
252,0,0.041811517689900976,-0.4742788222764252,-0.4734077245683853,-0.11378180431879803,1,0,0,1,0,1
253,0,0.041811517689900976,0.43255042804180416,-0.4734077245683853,-0.3240711784875352,0,0,1,1,0,1
254,0,0.041811517689900976,-0.4742788222764252,2.007805702434152,-0.24131375731347482,0,0,1,0,0,1
255,1,0.041811517689900976,-0.4742788222764252,2.007805702434152,-0.34126057402963433,0,0,1,0,0,0
256,1,0.041811517689900976,-0.4742788222764252,-0.4734077245683853,0.945714420560055,0,0,0,0,0,0
257,1,0.041811517689900976,-0.4742788222764252,-0.4734077245683853,1.0926151317018522,1,0,0,0,0,1
258,1,0.041811517689900976,-0.4742788222764252,-0.4734077245683853,9.661740104981662,0,0,0,0,0,0
259,1,0.041811517689900976,-0.4742788222764252,0.7671989889328833,-0.12484966611715263,0,1,0,0,0,1
260,0,0.041811517689900976,-0.4742788222764252,-0.4734077245683853,-0.4921014439716458,0,0,1,1,1,0
261,1,0.041811517689900976,3.1530381789964923,2.007805702434152,-0.016434928955997467,0,0,1,1,0,1
262,0,0.041811517689900976,0.43255042804180416,0.7671989889328833,0.9547699438496179,1,0,0,1,0,1
263,0,0.041811517689900976,-0.4742788222764252,-0.4734077245683853,-0.6480576784030059,1,0,0,1,0,1
264,0,0.041811517689900976,-0.4742788222764252,-0.4734077245683853,-0.4921014439716458,0,0,1,0,1,0
265,0,0.041811517689900976,-0.4742788222764252,-0.4734077245683853,-0.4367621349798729,0,1,0,1,0,1
266,0,0.041811517689900976,3.1530381789964923,0.7671989889328833,0.15058916727371724,0,0,1,1,0,1
267,1,0.041811517689900976,0.43255042804180416,-0.4734077245683853,-0.4915983593444479,0,0,1,1,0,1
268,1,0.041811517689900976,-0.4742788222764252,0.7671989889328833,2.4401273056515236,1,0,0,0,0,1
269,1,0.041811517689900976,-0.4742788222764252,-0.4734077245683853,2.0813434482420257,1,0,0,0,0,1
270,0,0.041811517689900976,-0.4742788222764252,-0.4734077245683853,-0.024232740677565458,0,0,0,1,0,1
271,1,0.041811517689900976,-0.4742788222764252,-0.4734077245683853,-0.6480576784030059,0,0,1,1,0,1
272,1,0.041811517689900976,-0.4742788222764252,0.7671989889328833,-0.2556516691886159,0,1,0,0,0,1
273,0,0.041811517689900976,-0.4742788222764252,0.7671989889328833,-0.05039314129185814,1,0,0,1,0,0
274,1,0.041811517689900976,-0.4742788222764252,-0.4734077245683853,-0.4921014439716458,0,0,1,0,1,0
275,1,0.041811517689900976,0.43255042804180416,-0.4734077245683853,0.9207272132963876,1,0,0,0,0,1
276,0,0.041811517689900976,-0.4742788222764252,-0.4734077245683853,-0.4921014439716458,0,0,1,0,0,1
277,0,0.041811517689900976,-0.4742788222764252,-0.4734077245683853,-0.6480576784030059,0,1,0,1,0,1
278,0,0.041811517689900976,3.1530381789964923,0.7671989889328833,-0.061964087717410646,0,0,1,1,1,0
279,1,0.041811517689900976,0.43255042804180416,0.7671989889328833,-0.24055913037267787,0,0,1,0,0,1
280,0,0.041811517689900976,-0.4742788222764252,-0.4734077245683853,-0.4921014439716458,0,0,1,1,1,0
281,0,0.041811517689900976,-0.4742788222764252,-0.4734077245683853,-0.49000458724548485,0,0,1,1,0,1
282,0,0.041811517689900976,-0.4742788222764252,-0.4734077245683853,-0.4568855200677903,0,0,1,1,0,1
283,1,0.041811517689900976,-0.4742788222764252,-0.4734077245683853,-0.48606442844527054,0,0,1,1,0,1
284,0,0.041811517689900976,-0.4742788222764252,-0.4734077245683853,-0.12484966611715263,1,0,0,1,0,1
285,0,0.041811517689900976,-0.4742788222764252,-0.4734077245683853,-0.4737388550789211,0,0,1,1,0,0
286,1,0.041811517689900976,-0.4742788222764252,-0.4734077245683853,-0.4568855200677903,0,0,1,1,0,1
287,0,0.041811517689900976,-0.4742788222764252,-0.4734077245683853,-0.48916745442582743,0,0,1,1,0,1
288,1,0.041811517689900976,-0.4742788222764252,-0.4734077245683853,-0.38645367226007926,0,1,0,1,0,1
289,1,0.041811517689900976,-0.4742788222764252,-0.4734077245683853,-0.4921014439716458,0,0,1,0,1,0
290,1,0.041811517689900976,-0.4742788222764252,-0.4734077245683853,0.9386712357792837,0,0,0,0,0,1
291,1,0.041811517689900976,0.43255042804180416,-0.4734077245683853,1.1847641366964436,1,0,0,0,0,0
292,0,0.041811517689900976,-0.4742788222764252,-0.4734077245683853,-0.38896909539606894,1,1,0,1,0,0
293,0,0.041811517689900976,-0.4742788222764252,-0.4734077245683853,-0.4699657203749366,0,0,1,0,0,1
294,0,0.041811517689900976,-0.4742788222764252,-0.4734077245683853,-0.48916745442582743,0,0,1,1,0,1
295,0,0.041811517689900976,-0.4742788222764252,-0.4734077245683853,-0.09022134505786429,0,0,0,1,0,0
296,0,0.041811517689900976,-0.4742788222764252,-0.4734077245683853,-0.5025817029254332,0,0,1,1,0,0
297,0,0.041811517689900976,0.43255042804180416,2.007805702434152,2.4016413316708816,1,0,0,0,0,1
298,1,0.041811517689900976,-0.4742788222764252,-0.4734077245683853,-0.03429443322152417,1,0,0,1,0,1
299,1,0.041811517689900976,-0.4742788222764252,0.7671989889328833,4.332898697266388,1,0,0,0,0,0
300,1,0.041811517689900976,-0.4742788222764252,-0.4734077245683853,-0.4921014439716458,0,0,1,0,1,0
301,1,0.041811517689900976,1.3393796783600334,-0.4734077245683853,-0.18018897510892556,0,0,1,1,1,0
302,0,0.041811517689900976,-0.4742788222764252,-0.4734077245683853,-0.6480576784030059,0,0,1,1,0,1
303,1,0.041811517689900976,-0.4742788222764252,-0.4734077245683853,-0.39953387256722556,1,1,0,0,1,0
304,0,0.041811517689900976,-0.4742788222764252,-0.4734077245683853,-0.48606442844527054,0,0,1,1,0,1
305,1,0.041811517689900976,0.43255042804180416,2.007805702434152,2.4016413316708816,1,0,0,1,0,1
306,1,0.041811517689900976,-0.4742788222764252,-0.4734077245683853,1.5832896673160692,0,0,0,0,0,0
307,1,0.041811517689900976,0.43255042804180416,-0.4734077245683853,1.543378957671203,1,0,0,0,0,0
308,0,0.041811517689900976,0.43255042804180416,-0.4734077245683853,-0.1650964362929875,0,1,0,1,0,0
309,1,0.041811517689900976,-0.4742788222764252,-0.4734077245683853,0.4975505359440633,1,0,0,0,0,0
310,1,0.041811517689900976,-0.4742788222764252,-0.4734077245683853,1.0253688157535583,1,0,0,0,0,0
311,1,0.041811517689900976,1.3393796783600334,2.007805702434152,4.631815484039331,1,0,0,0,0,0
312,0,0.041811517689900976,0.43255042804180416,0.7671989889328833,-0.12484966611715263,0,1,0,0,0,1
313,0,0.041811517689900976,-0.4742788222764252,-0.4734077245683853,-0.48916745442582743,0,0,1,1,0,1
314,0,0.041811517689900976,0.43255042804180416,0.7671989889328833,-0.11981881984517327,0,1,0,1,0,1
315,1,0.041811517689900976,-0.4742788222764252,-0.4734077245683853,-0.49000458724548485,0,0,1,0,0,1
316,1,0.041811517689900976,0.43255042804180416,-0.4734077245683853,-0.12484966611715263,0,1,0,0,0,1
317,0,0.041811517689900976,-0.4742788222764252,-0.4734077245683853,-0.3663302871721618,0,1,0,1,0,1
318,1,0.041811517689900976,-0.4742788222764252,2.007805702434152,2.669618413871152,1,0,0,0,0,1
319,1,0.041811517689900976,0.43255042804180416,0.7671989889328833,2.0585376159218893,1,0,0,0,0,0
320,0,0.041811517689900976,-0.4742788222764252,-0.4734077245683853,-0.5021631365156045,0,0,1,1,0,1
321,0,0.041811517689900976,-0.4742788222764252,-0.4734077245683853,-0.48916745442582743,0,0,1,1,0,1
322,1,0.041811517689900976,-0.4742788222764252,-0.4734077245683853,-0.39953387256722556,0,1,0,0,1,0
323,1,0.041811517689900976,0.43255042804180416,0.7671989889328833,-0.06447951085340033,0,1,0,0,0,1
324,0,0.041811517689900976,6.780355180269409,2.007805702434152,0.7515237544616515,0,0,1,1,0,1
325,1,0.041811517689900976,-0.4742788222764252,-0.4734077245683853,2.0813434482420257,1,0,0,0,0,0
326,0,0.041811517689900976,-0.4742788222764252,-0.4734077245683853,-0.5225380639171209,0,0,1,1,0,1
327,1,0.041811517689900976,-0.4742788222764252,-0.4734077245683853,-0.38645367226007926,1,1,0,0,0,1
328,1,0.041811517689900976,0.43255042804180416,0.7671989889328833,-0.23502519947350062,0,0,1,0,0,1
329,1,0.041811517689900976,-0.4742788222764252,0.7671989889328833,0.5186800902863765,1,0,0,0,0,0
330,1,0.041811517689900976,1.3393796783600334,-0.4734077245683853,-0.18018897510892556,0,0,1,0,1,0
331,0,0.041811517689900976,-0.4742788222764252,-0.4734077245683853,-0.07454120339735905,1,0,0,1,0,1
332,0,0.041811517689900976,-0.4742788222764252,0.7671989889328833,2.4401273056515236,1,0,0,1,0,1
333,0,0.041811517689900976,1.3393796783600334,-0.4734077245683853,-0.2858367468204921,0,0,1,1,0,1
334,1,0.041811517689900976,0.43255042804180416,-0.4734077245683853,2.0414327385971593,0,0,0,0,0,1
335,0,0.041811517689900976,-0.4742788222764252,-0.4734077245683853,-0.48916745442582743,0,0,1,1,0,1
336,0,0.041811517689900976,0.43255042804180416,-0.4734077245683853,0.6921597684522951,1,0,0,1,0,1
337,1,0.041811517689900976,-0.4742788222764252,-0.4734077245683853,2.0585376159218893,1,0,0,0,0,0
338,1,0.041811517689900976,-0.4742788222764252,-0.4734077245683853,-0.48606442844527054,0,0,1,1,0,1
339,0,0.041811517689900976,-0.4742788222764252,-0.4734077245683853,0.066322492218063,1,0,0,1,0,1
340,1,0.041811517689900976,0.43255042804180416,0.7671989889328833,-0.12484966611715263,1,1,0,1,0,1
341,1,0.041811517689900976,2.246208928678263,2.007805702434152,4.644392599719279,1,0,0,0,0,1
342,0,0.041811517689900976,-0.4742788222764252,-0.4734077245683853,-0.38645367226007926,0,1,0,1,0,1
343,0,0.041811517689900976,-0.4742788222764252,-0.4734077245683853,-0.38645367226007926,0,1,0,1,0,1
344,0,0.041811517689900976,-0.4742788222764252,-0.4734077245683853,-0.38645367226007926,0,1,0,1,0,1
345,1,0.041811517689900976,-0.4742788222764252,-0.4734077245683853,-0.38645367226007926,1,1,0,0,0,1
346,1,0.041811517689900976,-0.4742788222764252,-0.4734077245683853,-0.38645367226007926,0,1,0,0,0,1
347,1,0.041811517689900976,0.43255042804180416,-0.4734077245683853,-0.3240711784875352,0,0,1,0,0,1
348,1,0.041811517689900976,0.43255042804180416,0.7671989889328833,-0.3280958555051187,0,0,1,1,0,1
349,0,0.041811517689900976,-0.4742788222764252,-0.4734077245683853,-0.4737388550789211,0,0,1,1,0,1
350,0,0.041811517689900976,-0.4742788222764252,-0.4734077245683853,-0.46241945096696757,0,0,1,1,0,1
351,0,0.041811517689900976,-0.4742788222764252,-0.4734077245683853,0.05626079967410428,1,0,0,1,0,1
352,0,0.041811517689900976,0.43255042804180416,0.7671989889328833,-0.5025817029254332,0,0,1,1,0,0
353,0,0.041811517689900976,0.43255042804180416,-0.4734077245683853,-0.28986142383807556,0,0,1,1,0,1
354,0,0.041811517689900976,-0.4742788222764252,-0.4734077245683853,-0.5026662211428025,0,0,1,1,0,0
355,0,0.041811517689900976,-0.4742788222764252,-0.4734077245683853,-0.4568855200677903,0,0,1,1,0,1
356,1,0.041811517689900976,-0.4742788222764252,0.7671989889328833,0.458728501432453,1,0,0,0,0,1
357,0,0.041811517689900976,-0.4742788222764252,-0.4734077245683853,-0.38645367226007926,0,1,0,0,0,1
358,1,0.041811517689900976,-0.4742788222764252,-0.4734077245683853,-0.48950150261828684,0,0,1,0,1,0
359,1,0.041811517689900976,-0.4742788222764252,-0.4734077245683853,-0.48950150261828684,0,0,1,0,1,0
360,0,0.041811517689900976,0.43255042804180416,4.48901912943669,-0.08661523445010953,0,0,1,1,0,1
361,0,0.041811517689900976,0.43255042804180416,-0.4734077245683853,-0.09022134505786429,0,1,0,1,0,0
362,0,0.041811517689900976,-0.4742788222764252,0.7671989889328833,-0.3571902456652297,0,0,1,0,0,0
363,0,0.041811517689900976,-0.4742788222764252,-0.4734077245683853,-0.506187813533188,0,0,1,1,0,1
364,0,0.041811517689900976,0.43255042804180416,-0.4734077245683853,-0.3361452095402857,0,0,1,1,1,0
365,0,0.041811517689900976,-0.4742788222764252,-0.4734077245683853,-0.5021631365156045,0,0,1,1,0,1
366,1,0.041811517689900976,0.43255042804180416,-0.4734077245683853,0.866227049462781,1,0,0,0,0,0
367,1,0.04181151768990097,-0.4742788222764252,-0.4734077245683853,-0.5025817029254332,0,0,1,0,0,0
368,1,0.04181151768829863,-0.4742788222764252,-0.4734077245683853,-0.4921014439716458,0,0,1,0,1,0
369,1,0.041811517689900976,-0.4742788222764252,-0.4734077245683853,0.7464929081896722,1,0,0,0,0,0
370,1,0.041811517689900976,0.43255042804180416,-0.4734077245683853,0.46761700062578604,1,0,0,1,0,0
371,0,0.041811517689900976,0.43255042804180416,-0.4734077245683853,-0.5173401935489119,0,0,1,1,0,1
372,0,0.041811517689900976,-0.4742788222764252,-0.4734077245683853,-0.48606442844527054,0,0,1,1,0,1
373,0,0.041811517689900976,-0.4742788222764252,-0.4734077245683853,2.0813434482420257,0,0,0,1,0,0
374,0,0.041811517689900976,2.246208928678263,0.7671989889328833,-0.223957337675146,0,0,1,0,0,1
375,1,0.041811517689900976,0.43255042804180416,-0.4734077245683853,1.00549697297924,0,0,0,0,0,0
376,1,0.041811517689900976,-0.4742788222764252,-0.4734077245683853,-0.5021631365156045,0,0,1,0,0,1
377,0,0.041811517689900976,-0.4742788222764252,2.007805702434152,3.6080382676915317,1,0,0,1,0,0
378,0,0.041811517689900976,-0.4742788222764252,-0.4734077245683853,-0.5673125957377372,0,0,1,1,0,0
379,0,0.041811517689900976,-0.4742788222764252,-0.4734077245683853,-0.4915983593444479,0,0,1,1,0,1
380,1,0.041811517689900976,-0.4742788222764252,-0.4734077245683853,3.9305155137254086,0,0,0,0,0,0
381,1,0.041811517689900976,-0.4742788222764252,2.007805702434152,-0.331281387364536,0,0,1,0,0,0
382,0,0.041811517689900976,-0.4742788222764252,-0.4734077245683853,-0.4885798515812602,0,0,1,1,0,1
383,1,0.041811517689900976,0.43255042804180416,-0.4734077245683853,0.39835834616870064,0,0,0,0,0,1
384,0,0.041811517689900976,-0.4742788222764252,-0.4734077245683853,-0.48916745442582743,0,0,1,1,0,1
385,0,0.041811517689900976,-0.4742788222764252,-0.4734077245683853,0.8310111255589255,0,1,0,1,0,1
386,0,0.041811517689900976,4.059867429314721,2.007805702434152,0.29572908222032174,0,0,1,1,0,1
387,1,0.041811517689900976,-0.4742788222764252,-0.4734077245683853,-0.38645367226007926,0,1,0,0,0,1
388,0,0.041811517689900976,-0.4742788222764252,-0.4734077245683853,-0.4925200103814745,0,0,1,1,1,0
389,1,0.041811517689900976,-0.4742788222764252,-0.4734077245683853,-0.4065770573479967,0,1,0,0,0,0
390,1,0.041811517689900976,0.43255042804180416,2.007805702434152,1.7667485321470864,1,0,0,1,0,1
391,1,0.041811517689900976,-0.4742788222764252,-0.4734077245683853,-0.49117979293461916,0,0,1,1,0,1
392,0,0.041811517689900976,1.3393796783600334,-0.4734077245683853,-0.4885798515812602,0,0,1,1,0,1
393,1,0.041811517689900976,0.43255042804180416,-0.4734077245683853,1.6314187674308418,1,0,0,0,0,0
394,1,0.041811517689900976,-0.4742788222764252,2.007805702434152,-0.3119971474347848,1,0,1,0,0,1
395,0,0.041811517689900976,-0.4742788222764252,-0.4734077245683853,-0.49117979293461916,0,0,1,1,0,1
396,0,0.041811517689900976,-0.4742788222764252,-0.4734077245683853,-0.49000458724548485,0,0,1,0,0,1
397,0,0.041811517689900976,-0.4742788222764252,-0.4734077245683853,-0.12484966611715263,0,1,0,1,0,1
398,0,0.041811517689900976,-0.4742788222764252,-0.4734077245683853,-0.4367621349798729,0,1,0,1,0,1
399,1,0.041811517689900976,-0.4742788222764252,-0.4734077245683853,-0.3934968570408504,0,1,0,0,0,1
400,1,0.041811517689900976,-0.4742788222764252,-0.4734077245683853,-0.4885798515812602,0,0,1,1,0,1
401,0,0.041811517689900976,-0.4742788222764252,-0.4734077245683853,-0.48606442844527054,0,0,1,1,0,1
402,0,0.041811517689900976,0.43255042804180416,-0.4734077245683853,-0.4503454199142171,0,0,1,0,0,1
403,0,0.041811517689900976,0.43255042804180416,-0.4734077245683853,-0.32910202475951456,0,0,1,1,0,1
404,0,0.041811517689900976,-0.4742788222764252,-0.4734077245683853,-0.4737388550789211,0,0,1,0,0,1
405,0,0.041811517689900976,0.43255042804180416,-0.4734077245683853,-0.2254665915567398,0,1,0,1,0,1
406,0,0.041811517689900976,-0.4742788222764252,-0.4734077245683853,-0.4921014439716458,0,0,1,1,0,1
407,1,0.041811517689900976,0.43255042804180416,0.7671989889328833,-0.270744208004554,0,1,0,1,0,1
408,0,0.041811517689900976,-0.4742788222764252,-0.4734077245683853,-0.4915983593444479,0,0,1,1,0,1
409,0,0.041811517689900976,2.246208928678263,0.7671989889328833,-0.135581467384539,0,0,1,0,0,1
410,0,0.041811517689900976,-0.4742788222764252,-0.4734077245683853,-0.48916745442582743,0,0,1,1,0,1
411,0,0.041811517689900976,-0.4742788222764252,-0.4734077245683853,-0.5100454664545417,0,0,1,1,1,0
412,1,0.041811517689900976,0.43255042804180416,-0.4734077245683853,1.1630469795095633,1,0,0,0,1,0
413,0,0.041811517689900976,-0.4742788222764252,-0.4734077245683853,-0.6480576784030059,0,1,0,1,0,1
414,1,0.041811517689900976,-0.4742788222764252,-0.4734077245683853,-0.4885798515812602,0,0,1,1,0,1
415,0,0.041811517689900976,-0.4742788222764252,-0.4734077245683853,-0.48606442844527054,0,0,1,0,0,1
416,1,0.041811517689900976,0.43255042804180416,0.7671989889328833,0.005952336954310693,0,1,0,0,0,1
417,1,0.041811517689900976,-0.4742788222764252,2.007805702434152,-0.38645367226007926,0,1,0,0,0,1
418,0,0.041811517689900976,-0.4742788222764252,-0.4734077245683853,-0.38645367226007926,0,1,0,1,0,1
419,0,0.041811517689900976,-0.4742788222764252,2.007805702434152,-0.1620779285297999,0,0,1,0,0,1
420,0,0.041811517689900976,-0.4742788222764252,-0.4734077245683853,-0.48916745442582743,0,0,1,1,0,0
421,0,0.041811517689900976,-0.4742788222764252,-0.4734077245683853,-0.49243750450261403,0,0,1,1,1,0
422,0,0.041811517689900976,-0.4742788222764252,-0.4734077245683853,-0.4895860208356561,0,0,1,1,0,1
423,0,0.041811517689900976,0.43255042804180416,0.7671989889328833,-0.3582809331369949,0,0,1,0,0,1
424,0,0.041811517689900976,0.43255042804180416,0.7671989889328833,-0.24131375731347482,0,0,1,1,0,1
425,0,0.041811517689900976,-0.4742788222764252,-0.4734077245683853,-0.5021631365156045,0,0,1,1,0,1
426,1,0.041811517689900976,0.43255042804180416,-0.4734077245683853,-0.12484966611715263,0,1,0,0,0,1
427,1,0.041811517689900976,-0.4742788222764252,-0.4734077245683853,-0.12484966611715263,0,1,0,0,0,1
428,0,0.041811517689902336,-0.4742788222764252,-0.4734077245683853,-0.4921014439716458,0,0,1,1,1,0
429,1,0.041811517689900976,-0.4742788222764252,-0.4734077245683853,-0.48606442844527054,1,0,1,1,0,1
430,1,0.041811517689900976,-0.4742788222764252,-0.4734077245683853,-0.11378180431879803,1,0,0,1,0,1
431,1,0.04181151733723937,0.43255042804180416,-0.4734077245683853,-0.3240711784875352,0,0,1,0,0,1
432,1,0.041811517689900976,0.43255042804180416,-0.4734077245683853,-0.12484966611715263,0,1,0,0,0,1
433,0,0.041811517689900976,-0.4742788222764252,-0.4734077245683853,-0.5046785596515942,0,0,1,1,0,1
434,0,0.041811517689900976,0.43255042804180416,-0.4734077245683853,0.47683954801157863,1,0,0,1,0,1
435,1,0.041811517689900976,0.43255042804180416,2.007805702434152,1.7667485321470864,1,0,0,0,0,1
436,0,0.041811517689900976,1.3393796783600334,2.007805702434152,0.043683683994155884,0,0,1,0,0,1
437,1,0.041811517689900976,1.3393796783600334,3.2484124159354204,-0.270744208004554,0,1,0,0,0,1
438,0,0.041811517689900976,0.43255042804180416,4.48901912943669,4.644392599719279,1,0,0,1,0,1
439,0,0.041811517689900976,-0.4742788222764252,-0.4734077245683853,-0.4367621349798729,0,1,0,1,0,1
440,1,0.041811517689900976,0.43255042804180416,0.7671989889328833,-0.11981881984517327,0,1,0,0,0,1
441,0,0.041811517689900976,-0.4742788222764252,-0.4734077245683853,-0.4568855200677903,0,0,1,1,0,1
442,0,0.041811517689900976,0.43255042804180416,-0.4734077245683853,-0.4915983593444479,0,0,1,1,0,1
443,1,0.041811517689900976,-0.4742788222764252,-0.4734077245683853,-0.38645367226007926,0,1,0,0,0,1
444,1,0.041811517689900976,-0.4742788222764252,-0.4734077245683853,-0.4848067168772757,0,0,1,1,0,1
445,1,0.041811517689900976,-0.4742788222764252,2.007805702434152,0.9992084151392658,1,0,0,1,0,1
446,1,0.041811517689900976,-0.4742788222764252,0.7671989889328833,-0.2556516691886159,0,1,0,0,0,1
447,1,0.041811517689900976,-0.4742788222764252,-0.4734077245683853,-0.11378180431879803,0,0,0,1,0,1
448,1,0.041811517689900976,1.3393796783600334,0.7671989889328833,-0.26051549136436564,0,0,1,0,0,0
449,1,0.041811517689900976,-0.4742788222764252,-0.4734077245683853,-0.03429443322152417,1,0,0,1,0,1
450,0,0.041811517689900976,0.43255042804180416,2.007805702434152,-0.08963374221329712,0,1,0,1,0,1
451,0,0.041811517689900976,0.43255042804180416,-0.4734077245683853,-0.24626008536808489,0,0,1,1,0,1
452,0,0.041811517689900976,-0.4742788222764252,-0.4734077245683853,-0.08963374221329712,1,0,0,1,0,0
453,1,0.041811517689900976,0.43255042804180416,-0.4734077245683853,1.1450204511478068,1,0,0,1,0,0
454,0,0.041811517689900976,-0.4742788222764252,-0.4734077245683853,-0.48606442844527054,0,0,1,1,0,1
455,1,0.041811517689900976,-0.4742788222764252,-0.4734077245683853,-0.48916745442582743,0,0,1,1,0,0
456,0,0.041811517689900976,-0.4742788222764252,-0.4734077245683853,-0.11378180431879803,1,0,0,1,0,1
457,1,0.041811517689900976,0.43255042804180416,-0.4734077245683853,0.39559138071911193,1,0,0,0,0,1
458,1,0.041811517689900976,-0.4742788222764252,-0.4734077245683853,-0.4367621349798729,0,1,0,0,0,1
459,0,0.041811517689900976,-0.4742788222764252,-0.4734077245683853,-0.4921014439716458,0,0,1,1,1,0
460,1,0.041811517689900976,-0.4742788222764252,-0.4734077245683853,-0.11378180431879803,1,0,0,1,0,1
461,0,0.041811517689900976,-0.4742788222764252,-0.4734077245683853,-0.48606442844527054,0,0,1,1,0,1
462,0,0.041811517689900976,-0.4742788222764252,-0.4734077245683853,0.1266926474818153,1,0,0,1,0,1
463,0,0.041811517689900976,-0.4742788222764252,-0.4734077245683853,-0.38645367226007926,0,1,0,1,0,1
464,0,0.041811517689900976,-0.4742788222764252,-0.4734077245683853,-0.48606442844527054,0,0,1,1,0,1
465,0,0.041811517689900976,-0.4742788222764252,-0.4734077245683853,-0.506187813533188,0,0,1,1,0,1
466,0,0.04181151768990095,-0.4742788222764252,-0.4734077245683853,-0.6480576784030059,0,1,0,1,0,1
467,0,0.041811517689900976,-0.4742788222764252,-0.4734077245683853,-0.11378180431879803,0,0,0,1,0,1
468,0,0.04181151769002061,-0.4742788222764252,-0.4734077245683853,-0.49260452859884374,0,0,1,1,1,0
469,1,0.041811517689900976,1.3393796783600334,0.7671989889328833,-0.26051549136436564,0,0,1,0,0,0
470,0,0.041811515833787255,-0.4742788222764252,-0.4734077245683853,-0.5021631365156045,0,0,1,1,0,1
471,0,0.041811517689900976,-0.4742788222764252,-0.4734077245683853,-0.4737388550789211,0,0,1,1,0,1
472,1,0.041811517689900976,0.43255042804180416,2.007805702434152,-0.08963374221329712,0,1,0,0,0,1
473,1,0.041811517689900976,-0.4742788222764252,-0.4734077245683853,-0.37052198828597505,1,1,0,0,0,0
474,0,0.041811517689900976,-0.4742788222764252,-0.4734077245683853,-0.4500938776006182,0,0,1,0,0,1
475,0,0.041708365045958345,-0.4742788222764252,-0.4734077245683853,0.39835834616870064,1,0,0,1,0,1
476,0,0.041811517689900976,0.43255042804180416,-0.4734077245683853,-0.2254665915567398,0,1,0,1,0,1
477,0,0.041811517689900976,0.43255042804180416,-0.4734077245683853,-0.5062723317505573,0,0,1,1,0,1
478,0,0.041811517689900976,-0.4742788222764252,-0.4734077245683853,-0.49671372383379647,0,0,1,1,0,1
479,1,0.041811517689900976,-0.4742788222764252,0.7671989889328833,-0.4007915841352204,0,0,1,0,0,1
480,0,0.041811517689900976,4.059867429314721,2.007805702434152,0.29572908222032174,0,0,1,1,0,1
481,0,0.041811517689900976,-0.4742788222764252,-0.4734077245683853,-0.6480576784030059,0,1,0,1,0,1
482,0,0.041811517689900976,-0.4742788222764252,-0.4734077245683853,-0.48606442844527054,0,0,1,1,0,1
483,1,0.041811517689900976,-0.4742788222764252,-0.4734077245683853,-0.45512472387259756,0,0,1,0,0,1
484,1,0.041811517689900976,0.43255042804180416,-0.4734077245683853,1.1847641366964436,1,0,0,1,0,0
485,0,0.041811517689900976,2.246208928678263,0.7671989889328833,-0.135581467384539,0,0,1,0,0,1
486,1,0.041811517689900976,0.43255042804180416,-0.4734077245683853,1.1630469795095633,1,0,0,0,0,1
487,0,0.041811517689900976,-0.4742788222764252,-0.4734077245683853,-0.05039314129185814,1,0,0,1,0,0
488,0,0.041811517689900976,-0.4742788222764252,-0.4734077245683853,-0.48606442844527054,0,0,1,1,0,1
489,1,0.041811517689900976,0.43255042804180416,0.7671989889328833,-0.3280958555051187,0,0,1,1,0,1
490,0,0.041811517689900976,0.43255042804180416,-0.4734077245683853,-0.24626008536808489,0,0,1,1,0,1
491,0,0.041811517689900976,-0.4742788222764252,-0.4734077245683853,-0.5021631365156045,0,0,1,1,0,1
492,0,0.041811517689900976,-0.4742788222764252,-0.4734077245683853,-0.03429443322152417,1,0,0,1,0,1
493,0,0.041811517689900976,-0.4742788222764252,-0.4734077245683853,0.3481344016662763,0,0,0,1,0,0
494,0,0.041811517689900976,-0.4742788222764252,-0.4734077245683853,-0.48606442844527054,0,0,1,1,0,1
495,0,0.04181151768990098,-0.4742788222764252,-0.4734077245683853,-0.3571077397863693,0,0,1,1,0,0
496,1,0.041811517689900976,0.43255042804180416,-0.4734077245683853,0.9269332652575015,1,0,0,0,0,0
497,0,0.041811517689955356,-0.4742788222764252,-0.4734077245683853,-0.34419456357545264,0,0,1,1,0,1
498,0,0.041811517689900976,0.43255042804180416,2.007805702434152,2.4016413316708816,1,0,0,0,0,1
499,0,0.041811517689900976,-0.4742788222764252,-0.4734077245683853,-0.49117979293461916,0,0,1,1,0,1
500,0,0.041811517689900976,-0.4742788222764252,-0.4734077245683853,-0.4737388550789211,0,0,1,1,0,1
501,0,0.041811517689900976,-0.4742788222764252,-0.4734077245683853,-0.4921014439716458,0,0,1,0,1,0
502,0,0.04181151763746577,-0.4742788222764252,-0.4734077245683853,-0.4945323488902662,0,0,1,0,1,0
503,0,0.041811517689900976,-0.4742788222764252,-0.4734077245683853,-0.45512472387259756,0,0,1,0,0,1
504,1,0.041811517689900976,-0.4742788222764252,-0.4734077245683853,1.0926151317018522,1,0,0,0,0,1
505,0,0.041811517689900976,0.43255042804180416,-0.4734077245683853,1.543378957671203,1,0,0,1,0,0
506,1,0.041811517689900976,-0.4742788222764252,2.007805702434152,-0.12484966611715263,0,1,0,0,0,1
507,1,0.041811513413414964,-0.4742788222764252,-0.4734077245683853,-0.11378180431879803,0,0,0,1,0,1
508,0,0.041811517689900976,-0.4742788222764252,-0.4734077245683853,-0.19477842929766576,0,0,1,1,0,1
509,1,0.041811517689900976,-0.4742788222764252,-0.4734077245683853,0.48882906084695993,0,0,1,1,0,1
510,1,0.041811517689900976,-0.4742788222764252,-0.4734077245683853,-0.4921014439716458,0,0,1,1,1,0
511,0,0.038386071400485236,-0.4742788222764252,-0.4734077245683853,-0.48606442844527054,0,0,1,1,0,1
512,1,0.041811517689900976,-0.4742788222764252,-0.4734077245683853,-0.11906419290437634,1,0,0,1,0,1
513,1,0.041811517689900976,0.43255042804180416,-0.4734077245683853,0.5472713958192896,0,0,0,0,0,0
514,0,0.041811517689900976,-0.4742788222764252,-0.4734077245683853,-0.4972168084609944,0,0,1,1,0,1
515,0,0.041811517689900976,-0.4742788222764252,-0.4734077245683853,0.03655598099601555,1,0,0,1,0,1
516,1,0.041811517689900976,-0.4742788222764252,-0.4734077245683853,-0.4367621349798729,1,1,0,0,0,1
517,0,0.041811517689900976,-0.4742788222764252,-0.4734077245683853,-0.1620779285297999,0,0,1,1,1,0
518,1,0.041811517689900976,0.43255042804180416,-0.4734077245683853,-0.12484966611715263,0,1,0,0,0,1
519,0,0.041811517689900976,-0.4742788222764252,-0.4734077245683853,-0.48916745442582743,0,0,1,1,0,1
520,1,0.041811517689900976,-0.4742788222764252,-0.4734077245683853,1.233478827317274,1,0,0,0,0,1
521,0,0.041811517689900976,-0.4742788222764252,-0.4734077245683853,-0.48916745442582743,0,0,1,1,0,1
522,0,0.041811517689900976,-0.4742788222764252,-0.4734077245683853,-0.5026662211428025,0,0,1,1,0,0
523,1,0.041811517689900976,-0.4742788222764252,0.7671989889328833,0.5186800902863765,1,0,0,0,0,0
524,0,0.041811517689900976,-0.4742788222764252,-0.4734077245683853,-0.5025817029254332,0,0,1,1,0,0
525,0,0.041811517689900976,-0.4742788222764252,-0.4734077245683853,-0.4921014439716458,0,0,1,1,1,0
526,1,0.041811517689900976,-0.4742788222764252,-0.4734077245683853,-0.4367621349798729,0,1,0,0,0,1
527,0,0.04181151768990096,-0.4742788222764252,-0.4734077245683853,3.8148905676872524,1,0,0,1,0,1
528,0,0.041811517689900976,-0.4742788222764252,-0.4734077245683853,-0.4885798515812602,0,0,1,1,0,1
529,0,0.041811517689900976,1.3393796783600334,0.7671989889328833,-0.41663874989195543,0,1,0,1,0,1
530,1,0.041811517689900976,0.43255042804180416,0.7671989889328833,-0.12484966611715263,0,1,0,0,0,1
531,0,0.041811517689900074,-0.4742788222764252,-0.4734077245683853,-0.5025817029254332,0,0,1,1,0,0
532,0,0.041811517689900976,0.43255042804180416,0.7671989889328833,-0.5025817029254332,0,0,1,1,0,0
533,1,0.04181151768479666,-0.4742788222764252,2.007805702434152,-0.19813299759182154,0,0,1,0,0,0
534,0,0.041811517689900976,-0.4742788222764252,-0.4734077245683853,-0.4737388550789211,0,0,1,0,0,1
535,1,0.041811517689900976,-0.4742788222764252,2.007805702434152,-0.11981881984517327,0,1,0,0,0,1
536,0,0.041811517689900976,-0.4742788222764252,-0.4734077245683853,-0.11378180431879803,1,0,0,1,0,1
537,1,0.041811517689900976,-0.4742788222764252,-0.4734077245683853,1.493573579578607,0,0,0,0,0,0
538,0,0.041810803041571774,-0.4742788222764252,-0.4734077245683853,-0.35626859462820315,0,0,1,1,0,1
539,1,0.041811517689900976,-0.4742788222764252,2.007805702434152,0.3480498834489071,1,0,0,0,0,0
540,1,0.041811517689900976,-0.4742788222764252,2.007805702434152,0.7807026628391319,1,0,0,0,0,1
541,0,0.041811517689900976,3.1530381789964923,2.007805702434152,-0.018698809778388194,0,0,1,0,0,1
542,0,0.041811517689900976,3.1530381789964923,2.007805702434152,-0.018698809778388194,0,0,1,0,0,1
543,1,0.041811517689900976,0.43255042804180416,-0.4734077245683853,-0.12484966611715263,0,1,0,1,0,1
544,0,0.041811517689900976,0.43255042804180416,-0.4734077245683853,1.493573579578607,1,0,0,1,0,0
545,0,0.041811517689900976,-0.4742788222764252,-0.4734077245683853,-0.12484966611715263,0,0,0,1,0,1
546,1,0.041811517689900976,0.43255042804180416,-0.4734077245683853,-0.12484966611715263,0,1,0,0,0,1
547,1,0.041811517689900976,-0.4742788222764252,-0.4734077245683853,-0.36909725262175047,0,1,0,1,0,0
548,0,0.041811517689900976,0.43255042804180416,0.7671989889328833,-0.23502519947350062,0,0,1,1,0,1
549,1,0.041811517689900976,0.43255042804180416,0.7671989889328833,0.09147672357795979,0,1,0,1,0,1
550,1,0.041811517689900976,-0.4742788222764252,2.007805702434152,1.5832896673160692,1,0,0,1,0,0
551,0,0.041811517689900976,-0.4742788222764252,-0.4734077245683853,-0.12484966611715263,0,1,0,1,0,1
552,0,0.041811517689900976,-0.4742788222764252,-0.4734077245683853,-0.49050767187268274,0,0,1,1,1,0
553,1,0.041811517689900976,-0.4742788222764252,-0.4734077245683853,-0.5026662211428025,0,0,1,1,0,0
554,1,0.041811517689900976,-0.4742788222764252,-0.4734077245683853,-0.4915983593444479,0,0,1,0,0,1
555,0,0.041811517689900976,-0.4742788222764252,-0.4734077245683853,-0.11378180431879803,0,0,0,1,0,1
556,1,0.041811517689900976,0.43255042804180416,-0.4734077245683853,0.1488283710785245,1,0,0,0,0,0
557,0,0.041811517689900976,-0.4742788222764252,-0.4734077245683853,3.9305155137254086,0,0,0,1,0,0
558,1,0.041811517689900976,0.43255042804180416,0.7671989889328833,0.9547699438496179,1,0,0,0,0,1
559,1,0.041811517689900976,0.43255042804180416,-0.4734077245683853,-0.2979107778732426,0,0,1,0,0,1
560,0,0.04181151768990103,-0.4742788222764252,-0.4734077245683853,-0.4921014439716458,0,0,1,1,1,0
561,0,0.041811517689900976,-0.4742788222764252,-0.4734077245683853,-0.48916745442582743,0,0,1,1,0,1
562,0,0.041811517689900976,-0.4742788222764252,-0.4734077245683853,-0.37639197971612054,0,1,0,1,0,1
563,0,0.041811517689901205,-0.4742788222764252,-0.4734077245683853,-0.48606442844527054,0,0,1,1,0,1
564,0,0.04181151769744144,-0.4742788222764252,-0.4734077245683853,-0.48606442844527054,0,0,1,0,0,1
565,0,0.041811517689900976,1.3393796783600334,-0.4734077245683853,-0.1620779285297999,0,0,1,1,0,1
566,0,0.041811517689900976,-0.4742788222764252,-0.4734077245683853,-0.48916745442582743,0,0,1,1,0,1
567,0,0.041811517689900976,-0.4742788222764252,4.48901912943669,-0.223957337675146,0,0,1,0,0,1
568,0,0.041811651686462704,-0.4742788222764252,-0.4734077245683853,-0.5025817029254332,0,0,1,1,0,0
569,1,0.041811517689900976,-0.4742788222764252,-0.4734077245683853,-0.49000458724548485,0,0,1,1,0,1
570,1,0.041811517689900976,-0.4742788222764252,-0.4734077245683853,-0.4367621349798729,0,1,0,1,0,1
571,1,0.041811517689900976,1.3393796783600334,-0.4734077245683853,0.38787808721491324,1,0,0,0,0,1
572,1,0.041811517689900976,-0.4742788222764252,-0.4734077245683853,-0.11705185439558463,1,0,0,1,0,1
573,1,0.04194775703095729,-0.4742788222764252,-0.4734077245683853,-0.4921014439716458,0,0,1,0,1,0
574,0,0.041811517689900976,-0.4742788222764252,-0.4734077245683853,-0.48606442844527054,0,0,1,1,0,1
575,0,0.041811517689900976,-0.4742788222764252,-0.4734077245683853,-0.35626859462820315,0,0,1,1,0,1
576,1,0.041811517689900976,-0.4742788222764252,-0.4734077245683853,-0.38645367226007926,0,1,0,0,0,1
577,1,0.041811517689900976,0.43255042804180416,-0.4734077245683853,0.47683954801157863,1,0,0,0,0,1
578,0,-8.631667610477251,0.43255042804180416,-0.4734077245683853,-0.3571077397863693,0,0,1,0,0,0
579,1,0.041811517689900976,-0.4742788222764252,-0.4734077245683853,-0.4885798515812602,0,0,1,1,0,1
580,1,0.041811517689900976,0.43255042804180416,0.7671989889328833,-0.044356125765482896,0,1,0,0,0,1
581,1,0.041811517689900976,0.43255042804180416,0.7671989889328833,1.5832896673160692,1,0,0,0,0,0
582,0,0.041811517689900976,-0.4742788222764252,-0.4734077245683853,-0.12484966611715263,0,1,0,1,0,1
583,0,0.041811517689900976,-0.4742788222764252,-0.4734077245683853,0.15939314824968112,1,0,0,1,0,0
584,0,0.041811517689900976,-0.4742788222764252,-0.4734077245683853,-0.4727326858245253,0,0,1,1,0,0
585,1,0.041811517689900976,-0.4742788222764252,2.007805702434152,0.9547699438496179,1,0,0,0,0,1
586,0,0.041811517689900976,-0.4742788222764252,-0.4734077245683853,-0.34620690208424443,0,1,0,1,0,1
587,1,0.041811517689900976,0.43255042804180416,0.7671989889328833,0.945714420560055,1,0,0,1,0,0
588,0,0.041811517689900976,-0.4742788222764252,-0.4734077245683853,-0.48606442844527054,0,0,1,1,0,1
589,0,0.041811517689900976,-0.4742788222764252,-0.4734077245683853,-0.48606442844527054,0,0,1,1,0,1
590,0,0.041811517689900976,-0.4742788222764252,-0.4734077245683853,-0.5046785596515942,0,0,1,1,0,1
591,1,0.041811517689900976,0.43255042804180416,-0.4734077245683853,0.9269332652575015,1,0,0,0,0,0
592,0,0.041811517689900976,-0.4742788222764252,-0.4734077245683853,-0.5021631365156045,0,0,1,1,0,1
593,0,0.041811517689900976,-0.4742788222764252,2.007805702434152,-0.4921014439716458,0,0,1,0,1,0
594,0,0.041811517689900976,0.43255042804180416,-0.4734077245683853,-0.12484966611715263,0,1,0,1,0,1
595,0,0.041811517689900976,0.43255042804180416,0.7671989889328833,-0.1620779285297999,0,0,1,1,0,1
596,1,0.041811517689900976,-0.4742788222764252,-0.4734077245683853,0.01601402949826941,0,1,0,0,0,1
597,0,0.041811517689900976,-0.4742788222764252,-0.4734077245683853,-0.6480576784030059,0,0,1,1,0,1
598,0,0.041811517689900976,-0.4742788222764252,-0.4734077245683853,-0.5026662211428025,0,0,1,1,0,0
599,1,0.041811517689900976,0.43255042804180416,-0.4734077245683853,0.4975505359440633,1,0,0,1,0,0
600,1,0.041811517689900976,1.3393796783600334,0.7671989889328833,-0.1047262810292352,0,1,0,0,0,1
601,0,0.041811517689900976,-0.4742788222764252,-0.4734077245683853,-0.48916745442582743,0,0,1,1,0,1
602,0,0.04181151769022815,-0.4742788222764252,-0.4734077245683853,0.20517384932469326,0,0,0,1,0,1
603,0,0.041811517689900976,-0.4742788222764252,-0.4734077245683853,-0.48606442844527054,0,0,1,1,0,1
604,1,0.041811517689900976,-0.4742788222764252,-0.4734077245683853,-0.11378180431879803,0,0,0,1,0,0
605,0,0.041811517689900976,0.43255042804180416,-0.4734077245683853,-0.3351390402858898,0,0,1,1,0,1
606,0,0.041811517689900976,-0.4742788222764252,-0.4734077245683853,-0.48916745442582743,0,0,1,1,0,1
607,1,0.041811517689900976,-0.4742788222764252,-0.4734077245683853,-0.03429443322152417,0,0,0,1,0,1
608,1,0.041811517689900976,0.43255042804180416,2.007805702434152,0.18865657484453066,0,1,0,0,0,0
609,1,0.041811517689900976,-0.4742788222764252,-0.4734077245683853,2.4401273056515236,1,0,0,0,0,1
610,0,0.041811517689900976,0.43255042804180416,5.729625842937959,-0.018698809778388194,0,0,1,0,0,1
611,0,0.041811517689900976,-0.4742788222764252,-0.4734077245683853,-0.506187813533188,0,0,1,1,0,1
612,1,0.041811517689900976,0.43255042804180416,-0.4734077245683853,-0.3361452095402857,0,0,1,0,1,0
613,0,0.04181151768990074,-0.4742788222764252,-0.4734077245683853,-0.4921014439716458,0,0,1,1,1,0
614,0,0.041811517689900976,-0.4742788222764252,-0.4734077245683853,-0.48606442844527054,0,0,1,1,0,1
615,1,0.041811517689900976,0.43255042804180416,2.007805702434152,0.6599623523116273,0,1,0,0,0,1
616,0,0.041811517689900976,0.43255042804180416,0.7671989889328833,-0.3582809331369949,0,0,1,1,0,1
617,0,0.041811517689900976,0.43255042804180416,-0.4734077245683853,-0.3240711784875352,0,0,1,0,0,1
618,1,0.041811517689900976,1.3393796783600334,0.7671989889328833,0.13675434002577402,1,1,0,0,0,1
619,0,0.041811517689900976,-0.4742788222764252,-0.4734077245683853,-0.4367621349798729,0,1,0,1,0,1
620,0,0.041811517689900976,0.43255042804180416,-0.4734077245683853,-0.3571902456652297,0,0,1,1,0,0
621,1,0.041811517689900976,0.43255042804180416,-0.4734077245683853,0.4095107261844245,1,0,0,1,0,1
622,1,0.041811517689900976,0.43255042804180416,0.7671989889328833,-0.331281387364536,0,0,1,1,0,0
623,0,0.041811517689900976,-0.4742788222764252,-0.4734077245683853,-0.49000458724548485,0,0,1,1,0,1
624,0,0.041811517689900976,-0.4742788222764252,-0.4734077245683853,-0.3240711784875352,0,0,1,1,0,1
625,0,0.041811517689900976,-0.4742788222764252,-0.4734077245683853,0.002346226346555857,1,0,0,1,0,1
626,0,0.041811517689900976,-0.4742788222764252,-0.4734077245683853,-0.39953387256722556,0,1,0,1,1,0
627,1,0.041811517689900976,-0.4742788222764252,-0.4734077245683853,0.9207272132963876,1,0,0,0,0,1
628,0,0.041811517689900976,-0.4742788222764252,-0.4734077245683853,-0.48916745442582743,0,0,1,1,0,1
629,0,0.041811517689900976,-0.4742788222764252,-0.4734077245683853,-0.49243750450261403,0,0,1,1,1,0
630,1,0.041811517689900976,-0.4742788222764252,-0.4734077245683853,-0.044356125765482896,1,0,0,1,0,1
631,0,0.041811517689900976,-0.4742788222764252,-0.4734077245683853,-0.5061032953158188,0,0,1,1,0,1
632,1,0.041811517689900976,-0.4742788222764252,-0.4734077245683853,-0.03429443322152417,1,0,0,1,0,0
633,0,0.041811517689900976,-0.4742788222764252,-0.4734077245683853,-0.6480576784030059,0,0,0,1,0,1
634,0,0.041811517689900976,2.246208928678263,2.007805702434152,-0.08661523445010953,0,0,1,0,0,1
635,1,0.041811517689900976,-0.4742788222764252,-0.4734077245683853,-0.38645367226007926,0,1,0,0,0,1
636,0,0.041811517689900976,-0.4742788222764252,-0.4734077245683853,-0.4885798515812602,0,0,1,1,0,1
637,0,0.041811517689900976,0.43255042804180416,0.7671989889328833,-0.11981881984517327,0,1,0,1,0,1
638,0,0.041811517689900976,-0.4742788222764252,5.729625842937959,0.15058916727371724,0,0,1,0,0,1
639,0,0.041811517689900976,0.43255042804180416,-0.4734077245683853,-0.3240711784875352,0,0,1,1,0,1
640,0,0.041811517689900976,-0.4742788222764252,-0.4734077245683853,-0.49000458724548485,0,0,1,1,0,1
641,1,0.041811517689900976,-0.4742788222764252,-0.4734077245683853,0.7464929081896722,1,0,0,0,0,0
642,0,0.041811517689900976,2.246208928678263,2.007805702434152,-0.08661523445010953,0,0,1,0,0,1
643,1,0.041811517689900976,-0.4742788222764252,-0.4734077245683853,0.48882906084695993,0,0,1,1,0,1
644,1,0.041811517689900976,1.3393796783600334,0.7671989889328833,-0.26051549136436564,0,0,1,0,0,0
645,1,0.041811517689900976,0.43255042804180416,-0.4734077245683853,0.8959935606848286,1,0,0,1,0,0
646,0,0.041811517689900976,-0.4742788222764252,-0.4734077245683853,-0.48916745442582743,0,0,1,1,0,1
647,1,0.041811517689900976,-0.4742788222764252,-0.4734077245683853,0.066322492218063,1,0,0,1,0,0
648,0,0.041811517689900976,-0.4742788222764252,-0.4734077245683853,-0.49612612098922926,0,0,1,1,0,1
649,1,0.041811517689900976,-0.4742788222764252,-0.4734077245683853,-0.49612612098922926,0,0,1,0,0,1
650,0,0.04181151768993995,-0.4742788222764252,-0.4734077245683853,-0.48916745442582743,0,0,1,1,0,1
651,1,0.041811517689900976,-0.4742788222764252,0.7671989889328833,-0.18521982138090493,0,1,0,0,0,1
652,0,0.041811517689900976,-0.4742788222764252,-0.4734077245683853,-0.47835113494107184,0,0,1,1,0,1
653,1,0.04181151982814398,-0.4742788222764252,-0.4734077245683853,-0.49050767187268274,0,0,1,0,1,0
654,0,0.041811517689900976,-0.4742788222764252,-0.4734077245683853,-0.5122248290595632,0,0,1,0,1,0
655,0,0.041811517689900976,1.3393796783600334,-0.4734077245683853,0.8310111255589255,0,1,0,1,0,1
656,0,0.03608168026033284,-0.4742788222764252,-0.4734077245683853,-0.48916745442582743,0,0,1,1,0,1
657,0,0.041811517689900976,0.43255042804180416,0.7671989889328833,-0.3361452095402857,0,0,1,0,1,0
658,0,0.041811517689900976,-0.4742788222764252,-0.4734077245683853,-0.38645367226007926,0,1,0,1,0,1
659,0,0.041811517689900976,-0.4742788222764252,2.007805702434152,1.6314187674308418,1,0,0,1,0,0
660,1,0.041811517689900976,1.3393796783600334,-0.4734077245683853,2.0414327385971593,0,0,0,1,0,1
661,0,0.041811517689900976,-0.4742788222764252,-0.4734077245683853,-0.5026662211428025,0,0,1,1,0,0
662,0,0.041811517689900976,-0.4742788222764252,-0.4734077245683853,-0.1331505624659186,1,0,0,1,0,1
663,0,0.041811517689900976,-0.4742788222764252,-0.4734077245683853,-0.4972168084609944,0,0,1,1,0,1
664,1,0.041811517689900976,0.43255042804180416,-0.4734077245683853,-0.4885798515812602,0,0,1,1,0,1
665,0,0.041811517689900976,1.3393796783600334,-0.4734077245683853,0.8310111255589255,0,1,0,1,0,1
666,0,0.041811517689900976,-0.4742788222764252,-0.4734077245683853,-0.38645367226007926,0,1,0,1,0,1
667,0,0.041811517689900976,-0.4742788222764252,-0.4734077245683853,-0.4915983593444479,0,0,1,1,0,1
668,0,0.041811517689900976,-0.4742788222764252,-0.4734077245683853,-0.48606442844527054,0,0,1,1,0,1
669,1,0.041811517689900976,0.43255042804180416,-0.4734077245683853,0.39835834616870064,1,0,0,0,0,1
670,1,0.041811517689900976,0.43255042804180416,0.7671989889328833,0.13675434002577402,0,1,0,0,0,1
671,0,0.041811517689900976,0.43255042804180416,-0.4734077245683853,0.39835834616870064,1,0,0,1,0,1
672,0,0.041811517689900976,-0.4742788222764252,-0.4734077245683853,-0.4367621349798729,0,1,0,1,0,1
673,1,0.041811517689900976,-0.4742788222764252,-0.4734077245683853,-0.38645367226007926,0,1,0,1,0,1
674,0,0.0418115176898287,-0.4742788222764252,-0.4734077245683853,-0.6480576784030059,0,1,0,1,0,1
675,0,0.041811517689900976,-0.4742788222764252,-0.4734077245683853,-0.4915983593444479,0,0,1,1,0,1
676,0,0.041811517689900976,-0.4742788222764252,-0.4734077245683853,-0.48606442844527054,0,0,1,1,0,1
677,1,0.041811517689900976,-0.4742788222764252,-0.4734077245683853,-0.45000935938324893,0,0,1,0,0,1
678,0,0.041811517689900976,0.43255042804180416,6.970232556439227,0.29572908222032174,0,0,1,0,0,1
679,1,0.041811517689900976,-0.4742788222764252,0.7671989889328833,9.661740104981662,1,0,0,1,0,0
680,0,0.041811517689900976,-0.4742788222764252,-0.4734077245683853,-0.48430363225007783,0,0,1,0,1,0
681,1,0.041811517689900976,-0.4742788222764252,-0.4734077245683853,0.8959935606848286,1,0,0,1,0,0
682,0,0.041811517689900976,-0.4742788222764252,-0.4734077245683853,-0.46241945096696757,0,0,1,1,0,1
683,0,0.041811517689900976,4.059867429314721,2.007805702434152,0.29572908222032174,0,0,1,1,0,1
684,0,0.041811517689900976,0.43255042804180416,0.7671989889328833,0.13675434002577402,0,1,0,1,0,1
685,0,0.041811517689900976,0.43255042804180416,2.007805702434152,0.18865657484453066,0,1,0,1,0,0
686,0,0.041811517689900976,3.1530381789964923,0.7671989889328833,0.15058916727371724,0,0,1,1,0,1
687,0,0.041811517689900976,-0.4742788222764252,-0.4734077245683853,-0.4433867533508153,0,0,1,1,0,1
688,0,0.041811517689900976,-0.4742788222764252,-0.4734077245683853,-0.49117979293461916,0,0,1,1,0,1
689,1,0.041811517689900976,-0.4742788222764252,0.7671989889328833,3.6047682176147453,1,0,0,0,0,1
690,1,0.041811517689900976,0.43255042804180416,-0.4734077245683853,0.4989752716082878,1,0,0,1,0,1
691,1,0.041811517689900976,-0.4742788222764252,0.7671989889328833,-0.3780682576939441,0,0,1,0,0,0
692,1,0.041811517689900976,-0.4742788222764252,-0.4734077245683853,0.48882906084695993,0,0,1,1,0,1
693,0,0.041811517689900976,-0.4742788222764252,-0.4734077245683853,-0.5026662211428025,0,0,1,1,0,0
694,0,0.041811517689900976,-0.4742788222764252,-0.4734077245683853,-0.11378180431879803,0,0,0,1,0,1
695,0,0.041811517689900976,-0.4742788222764252,-0.4734077245683853,-0.37639197971612054,0,1,0,1,0,1
696,0,0.041811517689900976,-0.4742788222764252,-0.4734077245683853,-0.48606442844527054,0,0,1,1,0,1
697,1,0.041811517689900976,-0.4742788222764252,-0.4734077245683853,-0.49243750450261403,0,0,1,0,1,0
698,0,0.041811517689900976,0.43255042804180416,0.7671989889328833,1.5832896673160692,1,0,0,1,0,0
699,0,0.041811517689900976,-0.4742788222764252,-0.4734077245683853,-0.4941137824804376,1,0,1,1,0,1
700,1,0.041811517689900976,0.43255042804180416,-0.4734077245683853,3.9305155137254086,1,0,0,0,0,0
701,1,0.041811517689900976,-0.4742788222764252,-0.4734077245683853,-0.11906419290437634,1,0,0,1,0,1
702,0,0.041811517689900976,-0.4742788222764252,0.7671989889328833,-0.3571902456652297,0,0,1,0,0,0
703,0,0.041811517689900976,-0.4742788222764252,-0.4734077245683853,-0.4922684680678755,0,0,1,1,1,0
704,0,0.041811517689900976,0.43255042804180416,-0.4734077245683853,-0.49000458724548485,0,0,1,1,0,1
705,0,0.041811517689900976,-0.4742788222764252,-0.4734077245683853,-0.12484966611715263,0,1,0,1,0,1
706,1,0.041811517689900976,-0.4742788222764252,-0.4734077245683853,-0.37639197971612054,0,1,0,0,0,1
707,1,0.041811517689900976,-0.4742788222764252,-0.4734077245683853,-0.11906419290437634,1,0,0,1,0,1
708,1,0.041811517689900976,-0.4742788222764252,-0.4734077245683853,2.4016413316708816,0,0,0,0,0,1
709,1,0.041811517689900976,0.43255042804180416,0.7671989889328833,-0.34126057402963433,0,0,1,1,0,0
710,1,0.041811517689900976,-0.4742788222764252,-0.4734077245683853,0.3481344016662763,1,0,0,0,0,0
711,0,0.041811517689900976,-0.4742788222764252,-0.4734077245683853,-0.11378180431879803,1,0,0,1,0,1
712,1,0.041811517689900976,0.43255042804180416,-0.4734077245683853,0.39835834616870064,1,0,0,1,0,1
713,0,0.041811517689900976,-0.4742788222764252,-0.4734077245683853,-0.4572215805987585,0,0,1,1,0,1
714,0,0.041811517689900976,-0.4742788222764252,-0.4734077245683853,-0.38645367226007926,0,1,0,1,0,1
715,0,0.041811517689900976,-0.4742788222764252,-0.4734077245683853,-0.4941137824804376,1,0,1,1,0,1
716,1,0.041811517689900976,-0.4742788222764252,-0.4734077245683853,3.9305155137254086,1,0,0,0,0,0
717,1,0.041811517689900976,-0.4742788222764252,-0.4734077245683853,-0.4367621349798729,1,1,0,0,0,1
718,0,0.041811517689900976,-0.4742788222764252,-0.4734077245683853,-0.3361452095402857,0,0,1,1,1,0
719,0,0.041811517689900976,-0.4742788222764252,-0.4734077245683853,-0.4915983593444479,0,0,1,1,0,1
720,1,0.041811517689900976,-0.4742788222764252,0.7671989889328833,0.01601402949826941,0,1,0,0,0,1
721,0,0.041811517689900976,0.43255042804180416,-0.4734077245683853,-0.5061032953158188,0,0,1,1,0,1
722,0,0.041811517689900976,-0.4742788222764252,-0.4734077245683853,-0.38645367226007926,0,1,0,1,0,1
723,0,0.041811517689900976,-0.4742788222764252,-0.4734077245683853,-0.38645367226007926,0,1,0,1,0,1
724,1,0.041811517689900976,0.43255042804180416,-0.4734077245683853,0.4204940697654099,1,0,0,1,0,1
725,0,0.041811517689900976,-0.4742788222764252,-0.4734077245683853,-0.4737388550789211,0,0,1,1,0,1
726,1,0.041811517689900976,2.246208928678263,-0.4734077245683853,-0.2254665915567398,0,1,0,0,0,1
727,1,0.041811517689900976,-0.4742788222764252,-0.4734077245683853,-0.49235298628524476,0,0,1,0,1,0
728,0,0.041811517689900976,0.43255042804180416,-0.4734077245683853,-0.12484966611715263,0,1,0,1,0,1
729,0,0.041811517689900976,0.43255042804180416,-0.4734077245683853,-0.4885798515812602,0,0,1,0,0,1
730,1,0.041811517689900976,-0.4742788222764252,-0.4734077245683853,3.6047682176147453,1,0,0,0,0,1
731,0,0.041811517689900976,-0.4742788222764252,-0.4734077245683853,-0.2699895810637571,0,0,1,1,0,0
732,0,0.04181151768990097,-0.4742788222764252,-0.4734077245683853,-0.6480576784030059,0,1,0,1,0,1
733,0,0.041811517689900976,-0.4742788222764252,-0.4734077245683853,-0.38645367226007926,0,1,0,1,0,1
734,0,0.041811517689900976,-0.4742788222764252,-0.4734077245683853,-0.38645367226007926,0,1,0,1,0,1
735,0,0.041811517689900976,-0.4742788222764252,-0.4734077245683853,-0.3240711784875352,0,0,1,1,0,1
736,0,0.041811517689900976,0.43255042804180416,3.2484124159354204,0.043683683994155884,0,0,1,0,0,1
737,1,0.041811517689900976,-0.4742788222764252,-0.4734077245683853,9.661740104981662,1,0,0,1,0,0
738,0,0.041811517689900976,-0.4742788222764252,-0.4734077245683853,-0.48916745442582743,0,0,1,1,0,1
739,0,0.041811517689900976,-0.4742788222764252,-0.4734077245683853,-0.48916745442582743,0,0,1,1,0,1
740,1,0.041811517689894294,-0.4742788222764252,-0.4734077245683853,-0.044356125765482896,1,0,0,1,0,1
741,0,0.041811517689900976,0.43255042804180416,-0.4734077245683853,0.9386712357792837,1,0,0,1,0,1
742,1,0.041811517689900976,1.3393796783600334,2.007805702434152,4.631815484039331,1,0,0,0,0,0
743,0,0.041811517689900976,0.43255042804180416,-0.4734077245683853,-0.3240711784875352,0,0,1,1,0,1
744,1,0.041811517689900976,-0.4742788222764252,-0.4734077245683853,-0.4885798515812602,0,0,1,1,0,1
745,0,0.041811517689900976,0.43255042804180416,0.7671989889328833,0.7807026628391319,1,0,0,1,0,1
746,0,0.041811517689900976,0.43255042804180416,0.7671989889328833,-0.24055913037267787,0,0,1,1,0,1
747,1,0.041811517689900976,-0.4742788222764252,-0.4734077245683853,-0.38645367226007926,0,1,0,0,0,1
748,0,0.041811517689900976,0.43255042804180416,-0.4734077245683853,0.4204940697654099,1,0,0,1,0,1
749,0,0.041811517689900976,-0.4742788222764252,-0.4734077245683853,-0.4921014439716458,0,0,1,1,1,0
750,1,0.041811517689900976,0.43255042804180416,0.7671989889328833,-0.18521982138090493,0,1,0,0,0,1
751,1,0.041811517689900976,-0.4742788222764252,0.7671989889328833,-0.3970184494312359,1,0,1,1,0,1
752,0,0.041811517689900976,-0.4742788222764252,-0.4734077245683853,-0.4568855200677903,0,0,1,1,0,1
753,0,0.041811517689900976,-0.4742788222764252,-0.4734077245683853,-0.48916745442582743,0,0,1,1,0,1
754,1,0.041811517689900976,0.43255042804180416,2.007805702434152,0.6599623523116273,0,1,0,0,0,1
755,1,0.041811517689900976,0.43255042804180416,0.7671989889328833,-0.35626859462820315,0,1,0,1,0,1
756,0,0.041811517689900976,-0.4742788222764252,-0.4734077245683853,-0.49117979293461916,0,0,1,1,0,1
757,0,0.041811517689900976,-0.4742788222764252,-0.4734077245683853,-0.41663874989195543,0,1,0,1,0,1
758,0,0.041811517689900976,-0.4742788222764252,-0.4734077245683853,-0.48606442844527054,0,0,1,1,0,1
759,1,0.041811517689900976,-0.4742788222764252,-0.4734077245683853,1.0926151317018522,1,0,0,0,0,1
760,0,0.041811517689900976,-0.4742788222764252,-0.4734077245683853,-0.35626859462820315,0,0,1,1,0,1
761,0,0.041811517689900976,-0.4742788222764252,-0.4734077245683853,-0.5046785596515942,0,0,1,1,0,1
762,1,0.041811517689900976,-0.4742788222764252,-0.4734077245683853,-0.5025817029254332,0,0,1,1,0,0
763,1,0.041811517689900976,0.43255042804180416,2.007805702434152,1.7667485321470864,1,0,0,0,0,1
764,0,0.041811517689900976,-0.4742788222764252,-0.4734077245683853,-0.4915983593444479,0,0,1,1,0,1
765,1,0.041811517689900976,0.43255042804180416,-0.4734077245683853,0.9207272132963876,1,0,0,0,0,1
766,0,0.041811517689900976,-0.4742788222764252,-0.4734077245683853,0.1488283710785245,0,0,0,1,0,0
767,0,0.041811517689900976,-0.4742788222764252,-0.4734077245683853,-0.4921014439716458,0,0,1,0,1,0
768,0,0.041811517689900976,0.43255042804180416,-0.4734077245683853,-0.1620779285297999,0,0,1,1,1,0
769,0,0.041811517689900976,-0.4742788222764252,-0.4734077245683853,-0.47977587060529636,0,0,1,1,0,1
770,0,0.041811517689900976,-0.4742788222764252,-0.4734077245683853,-0.4568855200677903,0,0,1,1,0,1
771,0,0.041811517689900976,-0.4742788222764252,-0.4734077245683853,-0.49000458724548485,0,0,1,1,0,1
772,0,0.041811517689900976,-0.4742788222764252,-0.4734077245683853,-0.4367621349798729,1,1,0,0,0,1
773,0,0.041811517689900976,-0.4742788222764252,-0.4734077245683853,-0.5026662211428025,0,0,1,1,0,0
774,1,0.041811517689900976,0.43255042804180416,3.2484124159354204,-0.18521982138090493,0,1,0,0,0,1
775,0,0.041811517689900976,-0.4742788222764252,-0.4734077245683853,-0.4921014439716458,0,0,1,1,0,1
776,0,0.041811517689900976,-0.4742788222764252,-0.4734077245683853,-0.4921014439716458,1,0,1,1,1,0
777,1,0.041811517689900976,-0.4742788222764252,-0.4734077245683853,-0.3970184494312359,0,0,1,0,0,1
778,0,0.041811517689900976,-0.4742788222764252,-0.4734077245683853,-0.49235298628524476,0,0,1,1,1,0
779,1,0.041811517689900976,-0.4742788222764252,0.7671989889328833,3.6047682176147453,1,0,0,0,0,1
780,1,0.041811517689900976,-0.4742788222764252,-0.4734077245683853,-0.5025817029254332,0,0,1,0,0,0
781,1,0.041811517689900976,0.43255042804180416,-0.4734077245683853,0.4989752716082878,1,0,0,0,0,1
782,0,0.041811517689900976,-0.4742788222764252,-0.4734077245683853,-0.044356125765482896,1,0,0,1,0,1
783,0,0.04181151770235724,0.43255042804180416,2.007805702434152,-0.1761642980913421,0,0,1,1,0,1
784,0,0.041811517689900976,-0.4742788222764252,-0.4734077245683853,-0.506187813533188,0,0,1,1,0,1
785,0,0.041811517689900976,-0.4742788222764252,-0.4734077245683853,-0.5021631365156045,0,0,1,1,0,1
786,1,0.041811517689900976,-0.4742788222764252,-0.4734077245683853,-0.4972168084609944,0,0,1,0,0,1
787,0,0.041811517689900976,3.1530381789964923,0.7671989889328833,-0.061964087717410646,0,0,1,1,1,0
788,1,0.041811517689900976,0.43255042804180416,2.007805702434152,-0.23401903021910472,0,0,1,1,0,1
789,0,0.041811517689900976,-0.4742788222764252,-0.4734077245683853,0.945714420560055,1,0,0,1,0,0
790,0,0.041811517689900976,-0.4742788222764252,-0.4734077245683853,-0.4921014439716458,0,0,1,1,1,0
791,0,0.041811517689900976,-0.4742788222764252,-0.4734077245683853,-0.12484966611715263,0,1,0,1,0,1
792,0,0.041811517689900976,6.780355180269409,2.007805702434152,0.7515237544616515,0,0,1,0,0,1
793,0,0.04181151768990483,-0.4742788222764252,-0.4734077245683853,-0.030354274421309974,0,0,0,1,0,0
794,0,0.041811517689900976,-0.4742788222764252,-0.4734077245683853,-0.48916745442582743,0,0,1,1,0,1
795,0,0.041811517689900976,-0.4742788222764252,-0.4734077245683853,-0.38645367226007926,0,1,0,1,0,1
796,1,0.041811517689900976,-0.4742788222764252,-0.4734077245683853,-0.12627440178137717,1,0,0,0,0,1
797,1,0.041811517689900976,-0.4742788222764252,-0.4734077245683853,-0.4733202886690925,0,0,1,0,0,1
798,0,0.041811517689900976,-0.4742788222764252,-0.4734077245683853,-0.5025817029254332,0,0,1,1,0,0
799,0,0.041811517689900976,0.43255042804180416,0.7671989889328833,-0.1620779285297999,0,0,1,0,0,1
800,0,0.041811517689900976,-0.4742788222764252,-0.4734077245683853,-0.38645367226007926,0,1,0,1,0,1
801,1,0.041811517689900976,0.43255042804180416,0.7671989889328833,-0.11981881984517327,0,1,0,0,0,1
802,1,0.041811517689900976,0.43255042804180416,2.007805702434152,1.7667485321470864,1,0,0,1,0,1
803,1,0.041811517689900976,-0.4742788222764252,0.7671989889328833,-0.4766728446247395,0,0,1,1,0,0
804,1,0.041811517689900976,-0.4742788222764252,-0.4734077245683853,-0.5076970674147818,0,0,1,1,0,1
805,0,0.041811517689900976,-0.4742788222764252,-0.4734077245683853,-0.4915983593444479,0,0,1,1,0,1
806,0,0.041811517689900976,-0.4742788222764252,-0.4734077245683853,-0.6480576784030059,1,0,0,1,0,1
807,0,0.041811517689900976,-0.4742788222764252,-0.4734077245683853,-0.4915983593444479,0,0,1,0,0,1
808,0,0.041811517689900976,-0.4742788222764252,-0.4734077245683853,-0.38645367226007926,0,1,0,1,0,1
809,1,0.041811517689900976,0.43255042804180416,-0.4734077245683853,0.4204940697654099,1,0,0,0,0,1
810,0,0.041811517689900976,-0.4742788222764252,-0.4734077245683853,-0.4893344785220572,0,0,1,1,0,1
811,0,0.041811517689900976,-0.4742788222764252,-0.4734077245683853,-0.1620779285297999,0,0,1,1,0,1
812,0,0.041811517689900976,-0.4742788222764252,-0.4734077245683853,-0.4367621349798729,0,1,0,1,0,1
813,0,0.041811517689900976,3.1530381789964923,2.007805702434152,-0.018698809778388194,0,0,1,0,0,1
814,0,0.041811517689900976,-0.4742788222764252,-0.4734077245683853,-0.48606442844527054,0,0,1,1,0,1
815,0,0.041811517689900976,-0.4742788222764252,-0.4734077245683853,-0.6480576784030059,1,0,0,1,0,1
816,0,0.041811517689900976,-0.4742788222764252,-0.4734077245683853,-0.4885798515812602,0,0,1,0,0,1
817,0,0.041811517689900976,0.43255042804180416,0.7671989889328833,0.09659208806730835,0,1,0,1,0,0
818,0,0.041811517689900976,-0.4742788222764252,-0.4734077245683853,-0.5182618445859385,0,0,1,1,0,1
819,0,0.041811517689900976,2.246208928678263,2.007805702434152,-0.08661523445010953,0,0,1,1,0,1
820,1,0.041811517689900976,0.43255042804180416,0.7671989889328833,1.233478827317274,1,0,0,0,0,1
821,1,0.041811517689900976,-0.4742788222764252,-0.4734077245683853,-0.4737388550789211,0,0,1,1,0,1
822,0,0.041811517689900976,-0.4742788222764252,-0.4734077245683853,-0.6480576784030059,0,0,0,1,0,1
823,1,0.041811517689900976,-0.4742788222764252,0.7671989889328833,-0.3970184494312359,1,0,1,0,0,1
824,0,0.041811517689900976,3.1530381789964923,0.7671989889328833,0.15058916727371724,0,0,1,1,0,1
825,0,0.041811517689900976,-0.4742788222764252,-0.4734077245683853,-0.5082001520419798,0,0,1,1,1,0
826,0,0.041811517689900976,-0.4742788222764252,-0.4734077245683853,0.48882906084695993,0,0,1,1,0,1
827,1,0.041811517689900976,-0.4742788222764252,2.007805702434152,0.09659208806730835,0,1,0,1,0,0
828,1,0.04181151768990101,-0.4742788222764252,-0.4734077245683853,-0.4921014439716458,0,0,1,1,1,0
829,1,0.041811517689900976,-0.4742788222764252,-0.4734077245683853,0.9618131286303888,1,0,0,0,0,0
830,1,0.041811517689900976,0.43255042804180416,-0.4734077245683853,-0.3571902456652297,0,0,1,0,0,0
831,1,0.041811517689900976,0.43255042804180416,0.7671989889328833,-0.270744208004554,0,1,0,1,0,1
832,0,0.04181151769616536,-0.4742788222764252,-0.4734077245683853,-0.5025817029254332,0,0,1,1,0,0
833,0,0.041811517689900976,-0.4742788222764252,-0.4734077245683853,-0.49000458724548485,0,0,1,1,0,1
834,0,0.041811517689900976,-0.4742788222764252,-0.4734077245683853,-0.4810335821732912,0,0,1,1,0,1
835,1,0.041811517689900976,0.43255042804180416,0.7671989889328833,1.0253688157535583,1,0,0,0,0,0
836,0,0.041811517689900976,-0.4742788222764252,-0.4734077245683853,-0.4737388550789211,0,0,1,1,0,1
837,0,0.04181182369623343,-0.4742788222764252,-0.4734077245683853,-0.48606442844527054,0,0,1,1,0,1
838,1,0.041811517689900976,-0.4742788222764252,-0.4734077245683853,0.48882906084695993,0,0,1,1,0,1
839,1,-28.529649139801894,-0.4742788222764252,-0.4734077245683853,-0.05039314129185814,1,0,0,1,0,0
840,0,0.041811517689900976,-0.4742788222764252,-0.4734077245683853,-0.4885798515812602,0,0,1,1,0,1
841,0,0.041811517689900976,-0.4742788222764252,-0.4734077245683853,-0.4367621349798729,0,1,0,1,0,1
842,1,0.041811517689900976,-0.4742788222764252,-0.4734077245683853,-0.024232740677565458,0,0,0,0,0,0
843,0,0.041811517689900976,-0.4742788222764252,-0.4734077245683853,-0.5185133868995374,0,0,1,1,0,0
844,0,0.041811517689900976,-0.4742788222764252,-0.4734077245683853,-0.4737388550789211,0,0,1,1,0,1
845,0,0.041811517689900976,-0.4742788222764252,-0.4734077245683853,-0.49612612098922926,0,0,1,1,0,1
846,0,0.041811517689900976,6.780355180269409,2.007805702434152,0.7515237544616515,0,0,1,1,0,1
847,0,0.041811517689900976,-0.4742788222764252,-0.4734077245683853,-0.48916745442582743,0,0,1,1,0,0
848,0,0.041811517689900976,-0.4742788222764252,0.7671989889328833,0.01601402949826941,0,1,0,1,0,1
849,1,0.04181151768990099,0.43255042804180416,-0.4734077245683853,1.1450204511478068,1,0,0,0,0,0
850,0,0.041811517689900976,3.1530381789964923,2.007805702434152,-0.018698809778388194,0,0,1,1,0,1
851,0,0.041811517689900976,-0.4742788222764252,-0.4734077245683853,-0.4915983593444479,0,0,1,1,0,1
852,0,0.041811517689900976,0.43255042804180416,0.7671989889328833,-0.34126057402963433,0,0,1,0,0,0
853,1,0.041811517689900976,-0.4742788222764252,0.7671989889328833,0.14480369406094096,1,0,0,0,0,1
854,0,0.041811517689900976,0.43255042804180416,-0.4734077245683853,-0.12484966611715263,0,1,0,0,0,1
855,1,0.041811517689900976,-0.4742788222764252,0.7671989889328833,-0.4599040278309779,0,0,1,0,0,1
856,1,0.041811517689900976,0.43255042804180416,0.7671989889328833,2.669618413871152,0,0,0,0,0,1
857,1,0.041811517689900976,-0.4742788222764252,-0.4734077245683853,-0.11378180431879803,1,0,0,1,0,1
858,1,0.041811517689900976,-0.4742788222764252,3.2484124159354204,-0.26051549136436564,0,0,1,0,0,0
859,0,0.041811517689900976,-0.4742788222764252,-0.4734077245683853,-0.5025817029254332,0,0,1,1,0,0
860,0,0.041811517689900976,1.3393796783600334,-0.4734077245683853,-0.3641509245671404,0,0,1,1,0,1
861,0,0.041811517689900976,0.43255042804180416,-0.4734077245683853,-0.41663874989195543,0,1,0,1,0,1
862,1,0.041811517689900976,-0.4742788222764252,-0.4734077245683853,-0.12627440178137717,1,0,0,0,0,1
863,0,0.041811517689900976,6.780355180269409,2.007805702434152,0.7515237544616515,0,0,1,0,0,1
864,0,0.041811517689900976,-0.4742788222764252,-0.4734077245683853,-0.38645367226007926,0,1,0,1,0,1
865,1,0.041811517689900976,-0.4742788222764252,-0.4734077245683853,-0.38645367226007926,0,1,0,0,0,1
866,1,0.041811517689900976,0.43255042804180416,-0.4734077245683853,-0.36918177083911974,0,1,0,0,0,0
867,0,0.041811517689900976,-0.4742788222764252,-0.4734077245683853,0.3680887503194553,1,0,0,1,0,1
868,0,0.04181151769381622,-0.4742788222764252,-0.4734077245683853,-0.4568855200677903,0,0,1,1,0,1
869,1,0.041811517689900976,0.43255042804180416,0.7671989889328833,-0.42401799520369476,0,0,1,1,0,1
870,0,0.041811517689900976,-0.4742788222764252,-0.4734077245683853,-0.48916745442582743,0,0,1,1,0,1
871,1,0.041811517689900976,0.43255042804180416,0.7671989889328833,0.4095107261844245,1,0,0,0,0,1
872,0,0.041811517689900976,-0.4742788222764252,-0.4734077245683853,-0.5474407529634188,1,0,0,1,0,1
873,0,0.041811517689900976,-0.4742788222764252,-0.4734077245683853,-0.466947212611749,0,0,1,1,0,1
874,1,0.041811517689900976,0.43255042804180416,-0.4734077245683853,-0.1650964362929875,0,1,0,0,0,0
875,1,0.041811517689900976,-0.4742788222764252,-0.4734077245683853,-0.5026662211428025,0,0,1,0,0,0
876,0,0.041811517689900976,-0.4742788222764252,-0.4734077245683853,-0.44992685350438844,0,0,1,1,0,1
877,0,0.041811517689900976,-0.4742788222764252,-0.4734077245683853,-0.48916745442582743,0,0,1,1,0,1
878,0,0.041811517689900976,-0.4742788222764252,-0.4734077245683853,-0.48916745442582743,0,0,1,1,0,1
879,1,0.041811517689900976,-0.4742788222764252,0.7671989889328833,1.0253688157535583,1,0,0,0,0,0
880,1,0.041811517689900976,-0.4742788222764252,0.7671989889328833,-0.12484966611715263,0,1,0,0,0,1
881,0,0.041811517689900976,-0.4742788222764252,-0.4734077245683853,-0.48916745442582743,0,0,1,1,0,1
882,0,0.041811517689900976,-0.4742788222764252,-0.4734077245683853,-0.43642607444890463,0,0,1,0,0,1
883,0,0.041811517689900976,-0.4742788222764252,-0.4734077245683853,-0.4367621349798729,0,1,0,1,0,1
884,0,0.041811517689900976,-0.4742788222764252,-0.4734077245683853,-0.506187813533188,0,0,1,1,0,1
885,0,0.041811517689900976,-0.4742788222764252,5.729625842937959,-0.061964087717410646,0,0,1,0,1,0
886,0,0.041811517689900976,-0.4742788222764252,-0.4734077245683853,-0.38645367226007926,0,1,0,1,0,1
887,1,0.041811517689900976,-0.4742788222764252,-0.4734077245683853,-0.044356125765482896,1,0,0,0,0,1
888,0,0.041811517689900976,0.43255042804180416,2.007805702434152,-0.1761642980913421,0,0,1,0,0,1
889,1,0.041811517689900976,-0.4742788222764252,-0.4734077245683853,-0.044356125765482896,1,0,0,1,0,0
890,0,0.041811517689900976,-0.4742788222764252,-0.4734077245683853,-0.4921014439716458,0,0,1,1,1,0
